[2026-04-08 11:31:41] laravel.EMERGENCY: Unable to create configured logger. Using emergency logger. {"exception":"[object] (InvalidArgumentException(code: 0): Log [] is not defined. at /home/beast/Desktop/CASH_ODDS-main/backend/vendor/laravel/framework/src/Illuminate/Log/LogManager.php:212)
[stacktrace]
#0 /home/beast/Desktop/CASH_ODDS-main/backend/vendor/laravel/framework/src/Illuminate/Log/LogManager.php(137): Illuminate\\Log\\LogManager->resolve()
#1 /home/beast/Desktop/CASH_ODDS-main/backend/vendor/laravel/framework/src/Illuminate/Log/LogManager.php(124): Illuminate\\Log\\LogManager->get()
#2 /home/beast/Desktop/CASH_ODDS-main/backend/vendor/laravel/framework/src/Illuminate/Log/LogManager.php(681): Illuminate\\Log\\LogManager->driver()
#3 /home/beast/Desktop/CASH_ODDS-main/backend/vendor/laravel/framework/src/Illuminate/Foundation/Exceptions/Handler.php(317): Illuminate\\Log\\LogManager->error()
#4 /home/beast/Desktop/CASH_ODDS-main/backend/vendor/laravel/framework/src/Illuminate/Foundation/Exceptions/Handler.php(278): Illuminate\\Foundation\\Exceptions\\Handler->reportThrowable()
#5 /home/beast/Desktop/CASH_ODDS-main/backend/vendor/laravel/framework/src/Illuminate/Foundation/Console/Kernel.php(523): Illuminate\\Foundation\\Exceptions\\Handler->report()
#6 /home/beast/Desktop/CASH_ODDS-main/backend/vendor/laravel/framework/src/Illuminate/Foundation/Console/Kernel.php(203): Illuminate\\Foundation\\Console\\Kernel->reportException()
#7 /home/beast/Desktop/CASH_ODDS-main/backend/artisan(24): Illuminate\\Foundation\\Console\\Kernel->handle()
#8 {main}
"} 
[2026-04-08 11:31:41] laravel.ERROR: The /home/beast/Desktop/CASH_ODDS-main/backend/bootstrap/cache directory must be present and writable. {"exception":"[object] (Exception(code: 0): The /home/beast/Desktop/CASH_ODDS-main/backend/bootstrap/cache directory must be present and writable. at /home/beast/Desktop/CASH_ODDS-main/backend/vendor/laravel/framework/src/Illuminate/Foundation/PackageManifest.php:178)
[stacktrace]
#0 /home/beast/Desktop/CASH_ODDS-main/backend/vendor/laravel/framework/src/Illuminate/Foundation/PackageManifest.php(131): Illuminate\\Foundation\\PackageManifest->write()
#1 /home/beast/Desktop/CASH_ODDS-main/backend/vendor/laravel/framework/src/Illuminate/Foundation/PackageManifest.php(107): Illuminate\\Foundation\\PackageManifest->build()
#2 /home/beast/Desktop/CASH_ODDS-main/backend/vendor/laravel/framework/src/Illuminate/Foundation/PackageManifest.php(90): Illuminate\\Foundation\\PackageManifest->getManifest()
#3 /home/beast/Desktop/CASH_ODDS-main/backend/vendor/laravel/framework/src/Illuminate/Foundation/PackageManifest.php(79): Illuminate\\Foundation\\PackageManifest->config()
#4 /home/beast/Desktop/CASH_ODDS-main/backend/vendor/laravel/framework/src/Illuminate/Foundation/Bootstrap/RegisterFacades.php(26): Illuminate\\Foundation\\PackageManifest->aliases()
#5 /home/beast/Desktop/CASH_ODDS-main/backend/vendor/laravel/framework/src/Illuminate/Foundation/Application.php(286): Illuminate\\Foundation\\Bootstrap\\RegisterFacades->bootstrap()
#6 /home/beast/Desktop/CASH_ODDS-main/backend/vendor/laravel/framework/src/Illuminate/Foundation/Console/Kernel.php(447): Illuminate\\Foundation\\Application->bootstrapWith()
#7 /home/beast/Desktop/CASH_ODDS-main/backend/vendor/laravel/framework/src/Illuminate/Foundation/Console/Kernel.php(199): Illuminate\\Foundation\\Console\\Kernel->bootstrap()
#8 /home/beast/Desktop/CASH_ODDS-main/backend/artisan(24): Illuminate\\Foundation\\Console\\Kernel->handle()
#9 {main}
"} 
[2026-04-08 11:31:58] laravel.EMERGENCY: Unable to create configured logger. Using emergency logger. {"exception":"[object] (InvalidArgumentException(code: 0): Log [] is not defined. at /home/beast/Desktop/CASH_ODDS-main/backend/vendor/laravel/framework/src/Illuminate/Log/LogManager.php:212)
[stacktrace]
#0 /home/beast/Desktop/CASH_ODDS-main/backend/vendor/laravel/framework/src/Illuminate/Log/LogManager.php(137): Illuminate\\Log\\LogManager->resolve()
#1 /home/beast/Desktop/CASH_ODDS-main/backend/vendor/laravel/framework/src/Illuminate/Log/LogManager.php(124): Illuminate\\Log\\LogManager->get()
#2 /home/beast/Desktop/CASH_ODDS-main/backend/vendor/laravel/framework/src/Illuminate/Log/LogManager.php(681): Illuminate\\Log\\LogManager->driver()
#3 /home/beast/Desktop/CASH_ODDS-main/backend/vendor/laravel/framework/src/Illuminate/Foundation/Exceptions/Handler.php(317): Illuminate\\Log\\LogManager->error()
#4 /home/beast/Desktop/CASH_ODDS-main/backend/vendor/laravel/framework/src/Illuminate/Foundation/Exceptions/Handler.php(278): Illuminate\\Foundation\\Exceptions\\Handler->reportThrowable()
#5 /home/beast/Desktop/CASH_ODDS-main/backend/vendor/nunomaduro/collision/src/Adapters/Laravel/ExceptionHandler.php(46): Illuminate\\Foundation\\Exceptions\\Handler->report()
#6 /home/beast/Desktop/CASH_ODDS-main/backend/vendor/laravel/framework/src/Illuminate/Foundation/Console/Kernel.php(523): NunoMaduro\\Collision\\Adapters\\Laravel\\ExceptionHandler->report()
#7 /home/beast/Desktop/CASH_ODDS-main/backend/vendor/laravel/framework/src/Illuminate/Foundation/Console/Kernel.php(203): Illuminate\\Foundation\\Console\\Kernel->reportException()
#8 /home/beast/Desktop/CASH_ODDS-main/backend/artisan(24): Illuminate\\Foundation\\Console\\Kernel->handle()
#9 {main}
"} 
[2026-04-08 11:31:58] laravel.ERROR: Class "Illuminate\Support\Facades\Schedule" not found {"exception":"[object] (Error(code: 0): Class \"Illuminate\\Support\\Facades\\Schedule\" not found at /home/beast/Desktop/CASH_ODDS-main/backend/routes/console.php:12)
[stacktrace]
#0 /home/beast/Desktop/CASH_ODDS-main/backend/app/Console/Kernel.php(22): require()
#1 /home/beast/Desktop/CASH_ODDS-main/backend/vendor/laravel/framework/src/Illuminate/Foundation/Console/Kernel.php(453): App\\Console\\Kernel->commands()
#2 /home/beast/Desktop/CASH_ODDS-main/backend/vendor/laravel/framework/src/Illuminate/Foundation/Console/Kernel.php(199): Illuminate\\Foundation\\Console\\Kernel->bootstrap()
#3 /home/beast/Desktop/CASH_ODDS-main/backend/artisan(24): Illuminate\\Foundation\\Console\\Kernel->handle()
#4 {main}
"} 
[2026-04-08 11:32:26] laravel.EMERGENCY: Unable to create configured logger. Using emergency logger. {"exception":"[object] (InvalidArgumentException(code: 0): Log [] is not defined. at /home/beast/Desktop/CASH_ODDS-main/backend/vendor/laravel/framework/src/Illuminate/Log/LogManager.php:212)
[stacktrace]
#0 /home/beast/Desktop/CASH_ODDS-main/backend/vendor/laravel/framework/src/Illuminate/Log/LogManager.php(137): Illuminate\\Log\\LogManager->resolve()
#1 /home/beast/Desktop/CASH_ODDS-main/backend/vendor/laravel/framework/src/Illuminate/Log/LogManager.php(124): Illuminate\\Log\\LogManager->get()
#2 /home/beast/Desktop/CASH_ODDS-main/backend/vendor/laravel/framework/src/Illuminate/Log/LogManager.php(681): Illuminate\\Log\\LogManager->driver()
#3 /home/beast/Desktop/CASH_ODDS-main/backend/vendor/laravel/framework/src/Illuminate/Foundation/Exceptions/Handler.php(317): Illuminate\\Log\\LogManager->error()
#4 /home/beast/Desktop/CASH_ODDS-main/backend/vendor/laravel/framework/src/Illuminate/Foundation/Exceptions/Handler.php(278): Illuminate\\Foundation\\Exceptions\\Handler->reportThrowable()
#5 /home/beast/Desktop/CASH_ODDS-main/backend/vendor/nunomaduro/collision/src/Adapters/Laravel/ExceptionHandler.php(46): Illuminate\\Foundation\\Exceptions\\Handler->report()
#6 /home/beast/Desktop/CASH_ODDS-main/backend/vendor/laravel/framework/src/Illuminate/Foundation/Console/Kernel.php(523): NunoMaduro\\Collision\\Adapters\\Laravel\\ExceptionHandler->report()
#7 /home/beast/Desktop/CASH_ODDS-main/backend/vendor/laravel/framework/src/Illuminate/Foundation/Console/Kernel.php(203): Illuminate\\Foundation\\Console\\Kernel->reportException()
#8 /home/beast/Desktop/CASH_ODDS-main/backend/artisan(24): Illuminate\\Foundation\\Console\\Kernel->handle()
#9 {main}
"} 
[2026-04-08 11:32:26] laravel.ERROR: SQLSTATE[HY000] [2002] Connection refused (Connection: mysql, SQL: select table_name as `name`, (data_length + index_length) as `size`, table_comment as `comment`, engine as `engine`, table_collation as `collation` from information_schema.tables where table_schema = 'cashodds' and table_type in ('BASE TABLE', 'SYSTEM VERSIONED') order by table_name) {"exception":"[object] (Illuminate\\Database\\QueryException(code: 2002): SQLSTATE[HY000] [2002] Connection refused (Connection: mysql, SQL: select table_name as `name`, (data_length + index_length) as `size`, table_comment as `comment`, engine as `engine`, table_collation as `collation` from information_schema.tables where table_schema = 'cashodds' and table_type in ('BASE TABLE', 'SYSTEM VERSIONED') order by table_name) at /home/beast/Desktop/CASH_ODDS-main/backend/vendor/laravel/framework/src/Illuminate/Database/Connection.php:829)
[stacktrace]
#0 /home/beast/Desktop/CASH_ODDS-main/backend/vendor/laravel/framework/src/Illuminate/Database/Connection.php(983): Illuminate\\Database\\Connection->runQueryCallback()
#1 /home/beast/Desktop/CASH_ODDS-main/backend/vendor/laravel/framework/src/Illuminate/Database/Connection.php(962): Illuminate\\Database\\Connection->tryAgainIfCausedByLostConnection()
#2 /home/beast/Desktop/CASH_ODDS-main/backend/vendor/laravel/framework/src/Illuminate/Database/Connection.php(785): Illuminate\\Database\\Connection->handleQueryException()
#3 /home/beast/Desktop/CASH_ODDS-main/backend/vendor/laravel/framework/src/Illuminate/Database/Connection.php(414): Illuminate\\Database\\Connection->run()
#4 /home/beast/Desktop/CASH_ODDS-main/backend/vendor/laravel/framework/src/Illuminate/Database/Connection.php(401): Illuminate\\Database\\Connection->select()
#5 /home/beast/Desktop/CASH_ODDS-main/backend/vendor/laravel/framework/src/Illuminate/Database/Schema/MySqlBuilder.php(41): Illuminate\\Database\\Connection->selectFromWriteConnection()
#6 /home/beast/Desktop/CASH_ODDS-main/backend/vendor/laravel/framework/src/Illuminate/Database/Schema/MySqlBuilder.php(147): Illuminate\\Database\\Schema\\MySqlBuilder->getTables()
#7 /home/beast/Desktop/CASH_ODDS-main/backend/vendor/laravel/framework/src/Illuminate/Database/Console/WipeCommand.php(71): Illuminate\\Database\\Schema\\MySqlBuilder->dropAllTables()
#8 /home/beast/Desktop/CASH_ODDS-main/backend/vendor/laravel/framework/src/Illuminate/Database/Console/WipeCommand.php(48): Illuminate\\Database\\Console\\WipeCommand->dropAllTables()
#9 /home/beast/Desktop/CASH_ODDS-main/backend/vendor/laravel/framework/src/Illuminate/Container/BoundMethod.php(36): Illuminate\\Database\\Console\\WipeCommand->handle()
#10 /home/beast/Desktop/CASH_ODDS-main/backend/vendor/laravel/framework/src/Illuminate/Container/Util.php(41): Illuminate\\Container\\BoundMethod::{closure:Illuminate\\Container\\BoundMethod::call():35}()
#11 /home/beast/Desktop/CASH_ODDS-main/backend/vendor/laravel/framework/src/Illuminate/Container/BoundMethod.php(93): Illuminate\\Container\\Util::unwrapIfClosure()
#12 /home/beast/Desktop/CASH_ODDS-main/backend/vendor/laravel/framework/src/Illuminate/Container/BoundMethod.php(35): Illuminate\\Container\\BoundMethod::callBoundMethod()
#13 /home/beast/Desktop/CASH_ODDS-main/backend/vendor/laravel/framework/src/Illuminate/Container/Container.php(662): Illuminate\\Container\\BoundMethod::call()
#14 /home/beast/Desktop/CASH_ODDS-main/backend/vendor/laravel/framework/src/Illuminate/Console/Command.php(211): Illuminate\\Container\\Container->call()
#15 /home/beast/Desktop/CASH_ODDS-main/backend/vendor/symfony/console/Command/Command.php(326): Illuminate\\Console\\Command->execute()
#16 /home/beast/Desktop/CASH_ODDS-main/backend/vendor/laravel/framework/src/Illuminate/Console/Command.php(180): Symfony\\Component\\Console\\Command\\Command->run()
#17 /home/beast/Desktop/CASH_ODDS-main/backend/vendor/laravel/framework/src/Illuminate/Console/Concerns/CallsCommands.php(67): Illuminate\\Console\\Command->run()
#18 /home/beast/Desktop/CASH_ODDS-main/backend/vendor/laravel/framework/src/Illuminate/Console/Concerns/CallsCommands.php(40): Illuminate\\Console\\Command->runCommand()
#19 /home/beast/Desktop/CASH_ODDS-main/backend/vendor/laravel/framework/src/Illuminate/Database/Console/Migrations/FreshCommand.php(44): Illuminate\\Console\\Command->callSilent()
#20 /home/beast/Desktop/CASH_ODDS-main/backend/vendor/laravel/framework/src/Illuminate/Console/View/Components/Task.php(37): Illuminate\\Database\\Console\\Migrations\\FreshCommand->{closure:Illuminate\\Database\\Console\\Migrations\\FreshCommand::handle():44}()
#21 /home/beast/Desktop/CASH_ODDS-main/backend/vendor/laravel/framework/src/Illuminate/Console/View/Components/Factory.php(58): Illuminate\\Console\\View\\Components\\Task->render()
#22 /home/beast/Desktop/CASH_ODDS-main/backend/vendor/laravel/framework/src/Illuminate/Database/Console/Migrations/FreshCommand.php(44): Illuminate\\Console\\View\\Components\\Factory->__call()
#23 /home/beast/Desktop/CASH_ODDS-main/backend/vendor/laravel/framework/src/Illuminate/Container/BoundMethod.php(36): Illuminate\\Database\\Console\\Migrations\\FreshCommand->handle()
#24 /home/beast/Desktop/CASH_ODDS-main/backend/vendor/laravel/framework/src/Illuminate/Container/Util.php(41): Illuminate\\Container\\BoundMethod::{closure:Illuminate\\Container\\BoundMethod::call():35}()
#25 /home/beast/Desktop/CASH_ODDS-main/backend/vendor/laravel/framework/src/Illuminate/Container/BoundMethod.php(93): Illuminate\\Container\\Util::unwrapIfClosure()
#26 /home/beast/Desktop/CASH_ODDS-main/backend/vendor/laravel/framework/src/Illuminate/Container/BoundMethod.php(35): Illuminate\\Container\\BoundMethod::callBoundMethod()
#27 /home/beast/Desktop/CASH_ODDS-main/backend/vendor/laravel/framework/src/Illuminate/Container/Container.php(662): Illuminate\\Container\\BoundMethod::call()
#28 /home/beast/Desktop/CASH_ODDS-main/backend/vendor/laravel/framework/src/Illuminate/Console/Command.php(211): Illuminate\\Container\\Container->call()
#29 /home/beast/Desktop/CASH_ODDS-main/backend/vendor/symfony/console/Command/Command.php(326): Illuminate\\Console\\Command->execute()
#30 /home/beast/Desktop/CASH_ODDS-main/backend/vendor/laravel/framework/src/Illuminate/Console/Command.php(180): Symfony\\Component\\Console\\Command\\Command->run()
#31 /home/beast/Desktop/CASH_ODDS-main/backend/vendor/symfony/console/Application.php(1121): Illuminate\\Console\\Command->run()
#32 /home/beast/Desktop/CASH_ODDS-main/backend/vendor/symfony/console/Application.php(324): Symfony\\Component\\Console\\Application->doRunCommand()
#33 /home/beast/Desktop/CASH_ODDS-main/backend/vendor/symfony/console/Application.php(175): Symfony\\Component\\Console\\Application->doRun()
#34 /home/beast/Desktop/CASH_ODDS-main/backend/vendor/laravel/framework/src/Illuminate/Foundation/Console/Kernel.php(201): Symfony\\Component\\Console\\Application->run()
#35 /home/beast/Desktop/CASH_ODDS-main/backend/artisan(24): Illuminate\\Foundation\\Console\\Kernel->handle()
#36 {main}

[previous exception] [object] (PDOException(code: 2002): SQLSTATE[HY000] [2002] Connection refused at /home/beast/Desktop/CASH_ODDS-main/backend/vendor/laravel/framework/src/Illuminate/Database/Connectors/Connector.php:65)
[stacktrace]
#0 /home/beast/Desktop/CASH_ODDS-main/backend/vendor/laravel/framework/src/Illuminate/Database/Connectors/Connector.php(65): PDO->__construct()
#1 /home/beast/Desktop/CASH_ODDS-main/backend/vendor/laravel/framework/src/Illuminate/Database/Connectors/Connector.php(83): Illuminate\\Database\\Connectors\\Connector->createPdoConnection()
#2 /home/beast/Desktop/CASH_ODDS-main/backend/vendor/laravel/framework/src/Illuminate/Database/Connectors/Connector.php(48): Illuminate\\Database\\Connectors\\Connector->tryAgainIfCausedByLostConnection()
#3 /home/beast/Desktop/CASH_ODDS-main/backend/vendor/laravel/framework/src/Illuminate/Database/Connectors/MySqlConnector.php(24): Illuminate\\Database\\Connectors\\Connector->createConnection()
#4 /home/beast/Desktop/CASH_ODDS-main/backend/vendor/laravel/framework/src/Illuminate/Database/Connectors/ConnectionFactory.php(184): Illuminate\\Database\\Connectors\\MySqlConnector->connect()
#5 [internal function]: Illuminate\\Database\\Connectors\\ConnectionFactory->{closure:Illuminate\\Database\\Connectors\\ConnectionFactory::createPdoResolverWithHosts():179}()
#6 /home/beast/Desktop/CASH_ODDS-main/backend/vendor/laravel/framework/src/Illuminate/Database/Connection.php(1339): call_user_func()
#7 /home/beast/Desktop/CASH_ODDS-main/backend/vendor/laravel/framework/src/Illuminate/Database/Connection.php(528): Illuminate\\Database\\Connection->getPdo()
#8 /home/beast/Desktop/CASH_ODDS-main/backend/vendor/laravel/framework/src/Illuminate/Database/Connection.php(423): Illuminate\\Database\\Connection->getPdoForSelect()
#9 /home/beast/Desktop/CASH_ODDS-main/backend/vendor/laravel/framework/src/Illuminate/Database/Connection.php(816): Illuminate\\Database\\Connection->{closure:Illuminate\\Database\\Connection::select():414}()
#10 /home/beast/Desktop/CASH_ODDS-main/backend/vendor/laravel/framework/src/Illuminate/Database/Connection.php(983): Illuminate\\Database\\Connection->runQueryCallback()
#11 /home/beast/Desktop/CASH_ODDS-main/backend/vendor/laravel/framework/src/Illuminate/Database/Connection.php(962): Illuminate\\Database\\Connection->tryAgainIfCausedByLostConnection()
#12 /home/beast/Desktop/CASH_ODDS-main/backend/vendor/laravel/framework/src/Illuminate/Database/Connection.php(785): Illuminate\\Database\\Connection->handleQueryException()
#13 /home/beast/Desktop/CASH_ODDS-main/backend/vendor/laravel/framework/src/Illuminate/Database/Connection.php(414): Illuminate\\Database\\Connection->run()
#14 /home/beast/Desktop/CASH_ODDS-main/backend/vendor/laravel/framework/src/Illuminate/Database/Connection.php(401): Illuminate\\Database\\Connection->select()
#15 /home/beast/Desktop/CASH_ODDS-main/backend/vendor/laravel/framework/src/Illuminate/Database/Schema/MySqlBuilder.php(41): Illuminate\\Database\\Connection->selectFromWriteConnection()
#16 /home/beast/Desktop/CASH_ODDS-main/backend/vendor/laravel/framework/src/Illuminate/Database/Schema/MySqlBuilder.php(147): Illuminate\\Database\\Schema\\MySqlBuilder->getTables()
#17 /home/beast/Desktop/CASH_ODDS-main/backend/vendor/laravel/framework/src/Illuminate/Database/Console/WipeCommand.php(71): Illuminate\\Database\\Schema\\MySqlBuilder->dropAllTables()
#18 /home/beast/Desktop/CASH_ODDS-main/backend/vendor/laravel/framework/src/Illuminate/Database/Console/WipeCommand.php(48): Illuminate\\Database\\Console\\WipeCommand->dropAllTables()
#19 /home/beast/Desktop/CASH_ODDS-main/backend/vendor/laravel/framework/src/Illuminate/Container/BoundMethod.php(36): Illuminate\\Database\\Console\\WipeCommand->handle()
#20 /home/beast/Desktop/CASH_ODDS-main/backend/vendor/laravel/framework/src/Illuminate/Container/Util.php(41): Illuminate\\Container\\BoundMethod::{closure:Illuminate\\Container\\BoundMethod::call():35}()
#21 /home/beast/Desktop/CASH_ODDS-main/backend/vendor/laravel/framework/src/Illuminate/Container/BoundMethod.php(93): Illuminate\\Container\\Util::unwrapIfClosure()
#22 /home/beast/Desktop/CASH_ODDS-main/backend/vendor/laravel/framework/src/Illuminate/Container/BoundMethod.php(35): Illuminate\\Container\\BoundMethod::callBoundMethod()
#23 /home/beast/Desktop/CASH_ODDS-main/backend/vendor/laravel/framework/src/Illuminate/Container/Container.php(662): Illuminate\\Container\\BoundMethod::call()
#24 /home/beast/Desktop/CASH_ODDS-main/backend/vendor/laravel/framework/src/Illuminate/Console/Command.php(211): Illuminate\\Container\\Container->call()
#25 /home/beast/Desktop/CASH_ODDS-main/backend/vendor/symfony/console/Command/Command.php(326): Illuminate\\Console\\Command->execute()
#26 /home/beast/Desktop/CASH_ODDS-main/backend/vendor/laravel/framework/src/Illuminate/Console/Command.php(180): Symfony\\Component\\Console\\Command\\Command->run()
#27 /home/beast/Desktop/CASH_ODDS-main/backend/vendor/laravel/framework/src/Illuminate/Console/Concerns/CallsCommands.php(67): Illuminate\\Console\\Command->run()
#28 /home/beast/Desktop/CASH_ODDS-main/backend/vendor/laravel/framework/src/Illuminate/Console/Concerns/CallsCommands.php(40): Illuminate\\Console\\Command->runCommand()
#29 /home/beast/Desktop/CASH_ODDS-main/backend/vendor/laravel/framework/src/Illuminate/Database/Console/Migrations/FreshCommand.php(44): Illuminate\\Console\\Command->callSilent()
#30 /home/beast/Desktop/CASH_ODDS-main/backend/vendor/laravel/framework/src/Illuminate/Console/View/Components/Task.php(37): Illuminate\\Database\\Console\\Migrations\\FreshCommand->{closure:Illuminate\\Database\\Console\\Migrations\\FreshCommand::handle():44}()
#31 /home/beast/Desktop/CASH_ODDS-main/backend/vendor/laravel/framework/src/Illuminate/Console/View/Components/Factory.php(58): Illuminate\\Console\\View\\Components\\Task->render()
#32 /home/beast/Desktop/CASH_ODDS-main/backend/vendor/laravel/framework/src/Illuminate/Database/Console/Migrations/FreshCommand.php(44): Illuminate\\Console\\View\\Components\\Factory->__call()
#33 /home/beast/Desktop/CASH_ODDS-main/backend/vendor/laravel/framework/src/Illuminate/Container/BoundMethod.php(36): Illuminate\\Database\\Console\\Migrations\\FreshCommand->handle()
#34 /home/beast/Desktop/CASH_ODDS-main/backend/vendor/laravel/framework/src/Illuminate/Container/Util.php(41): Illuminate\\Container\\BoundMethod::{closure:Illuminate\\Container\\BoundMethod::call():35}()
#35 /home/beast/Desktop/CASH_ODDS-main/backend/vendor/laravel/framework/src/Illuminate/Container/BoundMethod.php(93): Illuminate\\Container\\Util::unwrapIfClosure()
#36 /home/beast/Desktop/CASH_ODDS-main/backend/vendor/laravel/framework/src/Illuminate/Container/BoundMethod.php(35): Illuminate\\Container\\BoundMethod::callBoundMethod()
#37 /home/beast/Desktop/CASH_ODDS-main/backend/vendor/laravel/framework/src/Illuminate/Container/Container.php(662): Illuminate\\Container\\BoundMethod::call()
#38 /home/beast/Desktop/CASH_ODDS-main/backend/vendor/laravel/framework/src/Illuminate/Console/Command.php(211): Illuminate\\Container\\Container->call()
#39 /home/beast/Desktop/CASH_ODDS-main/backend/vendor/symfony/console/Command/Command.php(326): Illuminate\\Console\\Command->execute()
#40 /home/beast/Desktop/CASH_ODDS-main/backend/vendor/laravel/framework/src/Illuminate/Console/Command.php(180): Symfony\\Component\\Console\\Command\\Command->run()
#41 /home/beast/Desktop/CASH_ODDS-main/backend/vendor/symfony/console/Application.php(1121): Illuminate\\Console\\Command->run()
#42 /home/beast/Desktop/CASH_ODDS-main/backend/vendor/symfony/console/Application.php(324): Symfony\\Component\\Console\\Application->doRunCommand()
#43 /home/beast/Desktop/CASH_ODDS-main/backend/vendor/symfony/console/Application.php(175): Symfony\\Component\\Console\\Application->doRun()
#44 /home/beast/Desktop/CASH_ODDS-main/backend/vendor/laravel/framework/src/Illuminate/Foundation/Console/Kernel.php(201): Symfony\\Component\\Console\\Application->run()
#45 /home/beast/Desktop/CASH_ODDS-main/backend/artisan(24): Illuminate\\Foundation\\Console\\Kernel->handle()
#46 {main}
"} 
[2026-04-08 11:33:09] laravel.EMERGENCY: Unable to create configured logger. Using emergency logger. {"exception":"[object] (InvalidArgumentException(code: 0): Log [] is not defined. at /home/beast/Desktop/CASH_ODDS-main/backend/vendor/laravel/framework/src/Illuminate/Log/LogManager.php:212)
[stacktrace]
#0 /home/beast/Desktop/CASH_ODDS-main/backend/vendor/laravel/framework/src/Illuminate/Log/LogManager.php(137): Illuminate\\Log\\LogManager->resolve()
#1 /home/beast/Desktop/CASH_ODDS-main/backend/vendor/laravel/framework/src/Illuminate/Log/LogManager.php(124): Illuminate\\Log\\LogManager->get()
#2 /home/beast/Desktop/CASH_ODDS-main/backend/vendor/laravel/framework/src/Illuminate/Log/LogManager.php(681): Illuminate\\Log\\LogManager->driver()
#3 /home/beast/Desktop/CASH_ODDS-main/backend/vendor/laravel/framework/src/Illuminate/Foundation/Exceptions/Handler.php(317): Illuminate\\Log\\LogManager->error()
#4 /home/beast/Desktop/CASH_ODDS-main/backend/vendor/laravel/framework/src/Illuminate/Foundation/Exceptions/Handler.php(278): Illuminate\\Foundation\\Exceptions\\Handler->reportThrowable()
#5 /home/beast/Desktop/CASH_ODDS-main/backend/vendor/laravel/framework/src/Illuminate/Routing/Pipeline.php(49): Illuminate\\Foundation\\Exceptions\\Handler->report()
#6 /home/beast/Desktop/CASH_ODDS-main/backend/vendor/laravel/framework/src/Illuminate/Pipeline/Pipeline.php(188): Illuminate\\Routing\\Pipeline->handleException()
#7 /home/beast/Desktop/CASH_ODDS-main/backend/vendor/laravel/framework/src/Illuminate/Foundation/Http/Middleware/TransformsRequest.php(21): Illuminate\\Pipeline\\Pipeline->{closure:{closure:Illuminate\\Pipeline\\Pipeline::carry():158}:159}()
#8 /home/beast/Desktop/CASH_ODDS-main/backend/vendor/laravel/framework/src/Illuminate/Foundation/Http/Middleware/TrimStrings.php(40): Illuminate\\Foundation\\Http\\Middleware\\TransformsRequest->handle()
#9 /home/beast/Desktop/CASH_ODDS-main/backend/vendor/laravel/framework/src/Illuminate/Pipeline/Pipeline.php(183): Illuminate\\Foundation\\Http\\Middleware\\TrimStrings->handle()
#10 /home/beast/Desktop/CASH_ODDS-main/backend/vendor/laravel/framework/src/Illuminate/Foundation/Http/Middleware/ValidatePostSize.php(27): Illuminate\\Pipeline\\Pipeline->{closure:{closure:Illuminate\\Pipeline\\Pipeline::carry():158}:159}()
#11 /home/beast/Desktop/CASH_ODDS-main/backend/vendor/laravel/framework/src/Illuminate/Pipeline/Pipeline.php(183): Illuminate\\Foundation\\Http\\Middleware\\ValidatePostSize->handle()
#12 /home/beast/Desktop/CASH_ODDS-main/backend/vendor/laravel/framework/src/Illuminate/Foundation/Http/Middleware/PreventRequestsDuringMaintenance.php(99): Illuminate\\Pipeline\\Pipeline->{closure:{closure:Illuminate\\Pipeline\\Pipeline::carry():158}:159}()
#13 /home/beast/Desktop/CASH_ODDS-main/backend/vendor/laravel/framework/src/Illuminate/Pipeline/Pipeline.php(183): Illuminate\\Foundation\\Http\\Middleware\\PreventRequestsDuringMaintenance->handle()
#14 /home/beast/Desktop/CASH_ODDS-main/backend/vendor/laravel/framework/src/Illuminate/Http/Middleware/HandleCors.php(49): Illuminate\\Pipeline\\Pipeline->{closure:{closure:Illuminate\\Pipeline\\Pipeline::carry():158}:159}()
#15 /home/beast/Desktop/CASH_ODDS-main/backend/vendor/laravel/framework/src/Illuminate/Pipeline/Pipeline.php(183): Illuminate\\Http\\Middleware\\HandleCors->handle()
#16 /home/beast/Desktop/CASH_ODDS-main/backend/vendor/laravel/framework/src/Illuminate/Http/Middleware/TrustProxies.php(39): Illuminate\\Pipeline\\Pipeline->{closure:{closure:Illuminate\\Pipeline\\Pipeline::carry():158}:159}()
#17 /home/beast/Desktop/CASH_ODDS-main/backend/vendor/laravel/framework/src/Illuminate/Pipeline/Pipeline.php(183): Illuminate\\Http\\Middleware\\TrustProxies->handle()
#18 /home/beast/Desktop/CASH_ODDS-main/backend/vendor/laravel/framework/src/Illuminate/Http/Middleware/TrustHosts.php(48): Illuminate\\Pipeline\\Pipeline->{closure:{closure:Illuminate\\Pipeline\\Pipeline::carry():158}:159}()
#19 /home/beast/Desktop/CASH_ODDS-main/backend/vendor/laravel/framework/src/Illuminate/Pipeline/Pipeline.php(183): Illuminate\\Http\\Middleware\\TrustHosts->handle()
#20 /home/beast/Desktop/CASH_ODDS-main/backend/vendor/laravel/framework/src/Illuminate/Pipeline/Pipeline.php(119): Illuminate\\Pipeline\\Pipeline->{closure:{closure:Illuminate\\Pipeline\\Pipeline::carry():158}:159}()
#21 /home/beast/Desktop/CASH_ODDS-main/backend/vendor/laravel/framework/src/Illuminate/Foundation/Http/Kernel.php(175): Illuminate\\Pipeline\\Pipeline->then()
#22 /home/beast/Desktop/CASH_ODDS-main/backend/vendor/laravel/framework/src/Illuminate/Foundation/Http/Kernel.php(144): Illuminate\\Foundation\\Http\\Kernel->sendRequestThroughRouter()
#23 /home/beast/Desktop/CASH_ODDS-main/backend/public/index.php(36): Illuminate\\Foundation\\Http\\Kernel->handle()
#24 /home/beast/Desktop/CASH_ODDS-main/backend/vendor/laravel/framework/src/Illuminate/Foundation/resources/server.php(16): require_once('...')
#25 {main}
"} 
[2026-04-08 11:33:09] laravel.ERROR: Illuminate\View\FileViewFinder::__construct(): Argument #2 ($paths) must be of type array, null given, called in /home/beast/Desktop/CASH_ODDS-main/backend/vendor/laravel/framework/src/Illuminate/View/ViewServiceProvider.php on line 85 {"exception":"[object] (TypeError(code: 0): Illuminate\\View\\FileViewFinder::__construct(): Argument #2 ($paths) must be of type array, null given, called in /home/beast/Desktop/CASH_ODDS-main/backend/vendor/laravel/framework/src/Illuminate/View/ViewServiceProvider.php on line 85 at /home/beast/Desktop/CASH_ODDS-main/backend/vendor/laravel/framework/src/Illuminate/View/FileViewFinder.php:53)
[stacktrace]
#0 /home/beast/Desktop/CASH_ODDS-main/backend/vendor/laravel/framework/src/Illuminate/View/ViewServiceProvider.php(85): Illuminate\\View\\FileViewFinder->__construct()
#1 /home/beast/Desktop/CASH_ODDS-main/backend/vendor/laravel/framework/src/Illuminate/Container/Container.php(908): Illuminate\\View\\ViewServiceProvider->{closure:Illuminate\\View\\ViewServiceProvider::registerViewFinder():84}()
#2 /home/beast/Desktop/CASH_ODDS-main/backend/vendor/laravel/framework/src/Illuminate/Container/Container.php(795): Illuminate\\Container\\Container->build()
#3 /home/beast/Desktop/CASH_ODDS-main/backend/vendor/laravel/framework/src/Illuminate/Foundation/Application.php(986): Illuminate\\Container\\Container->resolve()
#4 /home/beast/Desktop/CASH_ODDS-main/backend/vendor/laravel/framework/src/Illuminate/Container/Container.php(731): Illuminate\\Foundation\\Application->resolve()
#5 /home/beast/Desktop/CASH_ODDS-main/backend/vendor/laravel/framework/src/Illuminate/Foundation/Application.php(971): Illuminate\\Container\\Container->make()
#6 /home/beast/Desktop/CASH_ODDS-main/backend/vendor/laravel/framework/src/Illuminate/Container/Container.php(1454): Illuminate\\Foundation\\Application->make()
#7 /home/beast/Desktop/CASH_ODDS-main/backend/vendor/laravel/framework/src/Illuminate/View/ViewServiceProvider.php(45): Illuminate\\Container\\Container->offsetGet()
#8 /home/beast/Desktop/CASH_ODDS-main/backend/vendor/laravel/framework/src/Illuminate/Container/Container.php(908): Illuminate\\View\\ViewServiceProvider->{closure:Illuminate\\View\\ViewServiceProvider::registerFactory():39}()
#9 /home/beast/Desktop/CASH_ODDS-main/backend/vendor/laravel/framework/src/Illuminate/Container/Container.php(795): Illuminate\\Container\\Container->build()
#10 /home/beast/Desktop/CASH_ODDS-main/backend/vendor/laravel/framework/src/Illuminate/Foundation/Application.php(986): Illuminate\\Container\\Container->resolve()
#11 /home/beast/Desktop/CASH_ODDS-main/backend/vendor/laravel/framework/src/Illuminate/Container/Container.php(731): Illuminate\\Foundation\\Application->resolve()
#12 /home/beast/Desktop/CASH_ODDS-main/backend/vendor/laravel/framework/src/Illuminate/Foundation/Application.php(971): Illuminate\\Container\\Container->make()
#13 /home/beast/Desktop/CASH_ODDS-main/backend/vendor/laravel/framework/src/Illuminate/Container/Container.php(1454): Illuminate\\Foundation\\Application->make()
#14 /home/beast/Desktop/CASH_ODDS-main/backend/vendor/laravel/framework/src/Illuminate/Support/Facades/Facade.php(237): Illuminate\\Container\\Container->offsetGet()
#15 /home/beast/Desktop/CASH_ODDS-main/backend/vendor/laravel/framework/src/Illuminate/Support/Facades/Facade.php(208): Illuminate\\Support\\Facades\\Facade::resolveFacadeInstance()
#16 /home/beast/Desktop/CASH_ODDS-main/backend/vendor/laravel/framework/src/Illuminate/Support/Facades/Facade.php(349): Illuminate\\Support\\Facades\\Facade::getFacadeRoot()
#17 /home/beast/Desktop/CASH_ODDS-main/backend/vendor/laravel/framework/src/Illuminate/Foundation/Exceptions/RegisterErrorViewPaths.php(16): Illuminate\\Support\\Facades\\Facade::__callStatic()
#18 /home/beast/Desktop/CASH_ODDS-main/backend/vendor/laravel/framework/src/Illuminate/Foundation/Exceptions/Handler.php(744): Illuminate\\Foundation\\Exceptions\\RegisterErrorViewPaths->__invoke()
#19 /home/beast/Desktop/CASH_ODDS-main/backend/vendor/laravel/framework/src/Illuminate/Foundation/Exceptions/Handler.php(719): Illuminate\\Foundation\\Exceptions\\Handler->registerErrorViewPaths()
#20 /home/beast/Desktop/CASH_ODDS-main/backend/vendor/laravel/framework/src/Illuminate/Foundation/Exceptions/Handler.php(650): Illuminate\\Foundation\\Exceptions\\Handler->renderHttpException()
#21 /home/beast/Desktop/CASH_ODDS-main/backend/vendor/laravel/framework/src/Illuminate/Foundation/Exceptions/Handler.php(556): Illuminate\\Foundation\\Exceptions\\Handler->prepareResponse()
#22 /home/beast/Desktop/CASH_ODDS-main/backend/vendor/laravel/framework/src/Illuminate/Foundation/Exceptions/Handler.php(473): Illuminate\\Foundation\\Exceptions\\Handler->renderExceptionResponse()
#23 /home/beast/Desktop/CASH_ODDS-main/backend/vendor/laravel/framework/src/Illuminate/Routing/Pipeline.php(51): Illuminate\\Foundation\\Exceptions\\Handler->render()
#24 /home/beast/Desktop/CASH_ODDS-main/backend/vendor/laravel/framework/src/Illuminate/Pipeline/Pipeline.php(146): Illuminate\\Routing\\Pipeline->handleException()
#25 /home/beast/Desktop/CASH_ODDS-main/backend/vendor/laravel/framework/src/Illuminate/Foundation/Http/Middleware/TransformsRequest.php(21): Illuminate\\Pipeline\\Pipeline->{closure:Illuminate\\Pipeline\\Pipeline::prepareDestination():142}()
#26 /home/beast/Desktop/CASH_ODDS-main/backend/vendor/laravel/framework/src/Illuminate/Foundation/Http/Middleware/ConvertEmptyStringsToNull.php(31): Illuminate\\Foundation\\Http\\Middleware\\TransformsRequest->handle()
#27 /home/beast/Desktop/CASH_ODDS-main/backend/vendor/laravel/framework/src/Illuminate/Pipeline/Pipeline.php(183): Illuminate\\Foundation\\Http\\Middleware\\ConvertEmptyStringsToNull->handle()
#28 /home/beast/Desktop/CASH_ODDS-main/backend/vendor/laravel/framework/src/Illuminate/Foundation/Http/Middleware/TransformsRequest.php(21): Illuminate\\Pipeline\\Pipeline->{closure:{closure:Illuminate\\Pipeline\\Pipeline::carry():158}:159}()
#29 /home/beast/Desktop/CASH_ODDS-main/backend/vendor/laravel/framework/src/Illuminate/Foundation/Http/Middleware/TrimStrings.php(40): Illuminate\\Foundation\\Http\\Middleware\\TransformsRequest->handle()
#30 /home/beast/Desktop/CASH_ODDS-main/backend/vendor/laravel/framework/src/Illuminate/Pipeline/Pipeline.php(183): Illuminate\\Foundation\\Http\\Middleware\\TrimStrings->handle()
#31 /home/beast/Desktop/CASH_ODDS-main/backend/vendor/laravel/framework/src/Illuminate/Foundation/Http/Middleware/ValidatePostSize.php(27): Illuminate\\Pipeline\\Pipeline->{closure:{closure:Illuminate\\Pipeline\\Pipeline::carry():158}:159}()
#32 /home/beast/Desktop/CASH_ODDS-main/backend/vendor/laravel/framework/src/Illuminate/Pipeline/Pipeline.php(183): Illuminate\\Foundation\\Http\\Middleware\\ValidatePostSize->handle()
#33 /home/beast/Desktop/CASH_ODDS-main/backend/vendor/laravel/framework/src/Illuminate/Foundation/Http/Middleware/PreventRequestsDuringMaintenance.php(99): Illuminate\\Pipeline\\Pipeline->{closure:{closure:Illuminate\\Pipeline\\Pipeline::carry():158}:159}()
#34 /home/beast/Desktop/CASH_ODDS-main/backend/vendor/laravel/framework/src/Illuminate/Pipeline/Pipeline.php(183): Illuminate\\Foundation\\Http\\Middleware\\PreventRequestsDuringMaintenance->handle()
#35 /home/beast/Desktop/CASH_ODDS-main/backend/vendor/laravel/framework/src/Illuminate/Http/Middleware/HandleCors.php(49): Illuminate\\Pipeline\\Pipeline->{closure:{closure:Illuminate\\Pipeline\\Pipeline::carry():158}:159}()
#36 /home/beast/Desktop/CASH_ODDS-main/backend/vendor/laravel/framework/src/Illuminate/Pipeline/Pipeline.php(183): Illuminate\\Http\\Middleware\\HandleCors->handle()
#37 /home/beast/Desktop/CASH_ODDS-main/backend/vendor/laravel/framework/src/Illuminate/Http/Middleware/TrustProxies.php(39): Illuminate\\Pipeline\\Pipeline->{closure:{closure:Illuminate\\Pipeline\\Pipeline::carry():158}:159}()
#38 /home/beast/Desktop/CASH_ODDS-main/backend/vendor/laravel/framework/src/Illuminate/Pipeline/Pipeline.php(183): Illuminate\\Http\\Middleware\\TrustProxies->handle()
#39 /home/beast/Desktop/CASH_ODDS-main/backend/vendor/laravel/framework/src/Illuminate/Http/Middleware/TrustHosts.php(48): Illuminate\\Pipeline\\Pipeline->{closure:{closure:Illuminate\\Pipeline\\Pipeline::carry():158}:159}()
#40 /home/beast/Desktop/CASH_ODDS-main/backend/vendor/laravel/framework/src/Illuminate/Pipeline/Pipeline.php(183): Illuminate\\Http\\Middleware\\TrustHosts->handle()
#41 /home/beast/Desktop/CASH_ODDS-main/backend/vendor/laravel/framework/src/Illuminate/Pipeline/Pipeline.php(119): Illuminate\\Pipeline\\Pipeline->{closure:{closure:Illuminate\\Pipeline\\Pipeline::carry():158}:159}()
#42 /home/beast/Desktop/CASH_ODDS-main/backend/vendor/laravel/framework/src/Illuminate/Foundation/Http/Kernel.php(175): Illuminate\\Pipeline\\Pipeline->then()
#43 /home/beast/Desktop/CASH_ODDS-main/backend/vendor/laravel/framework/src/Illuminate/Foundation/Http/Kernel.php(144): Illuminate\\Foundation\\Http\\Kernel->sendRequestThroughRouter()
#44 /home/beast/Desktop/CASH_ODDS-main/backend/public/index.php(36): Illuminate\\Foundation\\Http\\Kernel->handle()
#45 /home/beast/Desktop/CASH_ODDS-main/backend/vendor/laravel/framework/src/Illuminate/Foundation/resources/server.php(16): require_once('...')
#46 {main}
"} 
[2026-04-08 11:34:16] laravel.EMERGENCY: Unable to create configured logger. Using emergency logger. {"exception":"[object] (InvalidArgumentException(code: 0): Log [] is not defined. at /home/beast/Desktop/CASH_ODDS-main/backend/vendor/laravel/framework/src/Illuminate/Log/LogManager.php:212)
[stacktrace]
#0 /home/beast/Desktop/CASH_ODDS-main/backend/vendor/laravel/framework/src/Illuminate/Log/LogManager.php(137): Illuminate\\Log\\LogManager->resolve()
#1 /home/beast/Desktop/CASH_ODDS-main/backend/vendor/laravel/framework/src/Illuminate/Log/LogManager.php(124): Illuminate\\Log\\LogManager->get()
#2 /home/beast/Desktop/CASH_ODDS-main/backend/vendor/laravel/framework/src/Illuminate/Log/LogManager.php(681): Illuminate\\Log\\LogManager->driver()
#3 /home/beast/Desktop/CASH_ODDS-main/backend/vendor/laravel/framework/src/Illuminate/Foundation/Exceptions/Handler.php(317): Illuminate\\Log\\LogManager->error()
#4 /home/beast/Desktop/CASH_ODDS-main/backend/vendor/laravel/framework/src/Illuminate/Foundation/Exceptions/Handler.php(278): Illuminate\\Foundation\\Exceptions\\Handler->reportThrowable()
#5 /home/beast/Desktop/CASH_ODDS-main/backend/vendor/laravel/framework/src/Illuminate/Routing/Pipeline.php(49): Illuminate\\Foundation\\Exceptions\\Handler->report()
#6 /home/beast/Desktop/CASH_ODDS-main/backend/vendor/laravel/framework/src/Illuminate/Pipeline/Pipeline.php(146): Illuminate\\Routing\\Pipeline->handleException()
#7 /home/beast/Desktop/CASH_ODDS-main/backend/vendor/laravel/framework/src/Illuminate/Routing/Middleware/SubstituteBindings.php(50): Illuminate\\Pipeline\\Pipeline->{closure:Illuminate\\Pipeline\\Pipeline::prepareDestination():142}()
#8 /home/beast/Desktop/CASH_ODDS-main/backend/vendor/laravel/framework/src/Illuminate/Pipeline/Pipeline.php(183): Illuminate\\Routing\\Middleware\\SubstituteBindings->handle()
#9 /home/beast/Desktop/CASH_ODDS-main/backend/vendor/laravel/framework/src/Illuminate/Routing/Middleware/ThrottleRequests.php(159): Illuminate\\Pipeline\\Pipeline->{closure:{closure:Illuminate\\Pipeline\\Pipeline::carry():158}:159}()
#10 /home/beast/Desktop/CASH_ODDS-main/backend/vendor/laravel/framework/src/Illuminate/Routing/Middleware/ThrottleRequests.php(125): Illuminate\\Routing\\Middleware\\ThrottleRequests->handleRequest()
#11 /home/beast/Desktop/CASH_ODDS-main/backend/vendor/laravel/framework/src/Illuminate/Routing/Middleware/ThrottleRequests.php(87): Illuminate\\Routing\\Middleware\\ThrottleRequests->handleRequestUsingNamedLimiter()
#12 /home/beast/Desktop/CASH_ODDS-main/backend/vendor/laravel/framework/src/Illuminate/Pipeline/Pipeline.php(183): Illuminate\\Routing\\Middleware\\ThrottleRequests->handle()
#13 /home/beast/Desktop/CASH_ODDS-main/backend/vendor/laravel/sanctum/src/Http/Middleware/EnsureFrontendRequestsAreStateful.php(25): Illuminate\\Pipeline\\Pipeline->{closure:{closure:Illuminate\\Pipeline\\Pipeline::carry():158}:159}()
#14 /home/beast/Desktop/CASH_ODDS-main/backend/vendor/laravel/framework/src/Illuminate/Pipeline/Pipeline.php(144): Laravel\\Sanctum\\Http\\Middleware\\EnsureFrontendRequestsAreStateful->{closure:Laravel\\Sanctum\\Http\\Middleware\\EnsureFrontendRequestsAreStateful::handle():24}()
#15 /home/beast/Desktop/CASH_ODDS-main/backend/vendor/laravel/framework/src/Illuminate/Pipeline/Pipeline.php(119): Illuminate\\Pipeline\\Pipeline->{closure:Illuminate\\Pipeline\\Pipeline::prepareDestination():142}()
#16 /home/beast/Desktop/CASH_ODDS-main/backend/vendor/laravel/sanctum/src/Http/Middleware/EnsureFrontendRequestsAreStateful.php(24): Illuminate\\Pipeline\\Pipeline->then()
#17 /home/beast/Desktop/CASH_ODDS-main/backend/vendor/laravel/framework/src/Illuminate/Pipeline/Pipeline.php(183): Laravel\\Sanctum\\Http\\Middleware\\EnsureFrontendRequestsAreStateful->handle()
#18 /home/beast/Desktop/CASH_ODDS-main/backend/vendor/laravel/framework/src/Illuminate/Pipeline/Pipeline.php(119): Illuminate\\Pipeline\\Pipeline->{closure:{closure:Illuminate\\Pipeline\\Pipeline::carry():158}:159}()
#19 /home/beast/Desktop/CASH_ODDS-main/backend/vendor/laravel/framework/src/Illuminate/Routing/Router.php(805): Illuminate\\Pipeline\\Pipeline->then()
#20 /home/beast/Desktop/CASH_ODDS-main/backend/vendor/laravel/framework/src/Illuminate/Routing/Router.php(784): Illuminate\\Routing\\Router->runRouteWithinStack()
#21 /home/beast/Desktop/CASH_ODDS-main/backend/vendor/laravel/framework/src/Illuminate/Routing/Router.php(748): Illuminate\\Routing\\Router->runRoute()
#22 /home/beast/Desktop/CASH_ODDS-main/backend/vendor/laravel/framework/src/Illuminate/Routing/Router.php(737): Illuminate\\Routing\\Router->dispatchToRoute()
#23 /home/beast/Desktop/CASH_ODDS-main/backend/vendor/laravel/framework/src/Illuminate/Foundation/Http/Kernel.php(200): Illuminate\\Routing\\Router->dispatch()
#24 /home/beast/Desktop/CASH_ODDS-main/backend/vendor/laravel/framework/src/Illuminate/Pipeline/Pipeline.php(144): Illuminate\\Foundation\\Http\\Kernel->{closure:Illuminate\\Foundation\\Http\\Kernel::dispatchToRouter():197}()
#25 /home/beast/Desktop/CASH_ODDS-main/backend/vendor/laravel/framework/src/Illuminate/Foundation/Http/Middleware/TransformsRequest.php(21): Illuminate\\Pipeline\\Pipeline->{closure:Illuminate\\Pipeline\\Pipeline::prepareDestination():142}()
#26 /home/beast/Desktop/CASH_ODDS-main/backend/vendor/laravel/framework/src/Illuminate/Foundation/Http/Middleware/ConvertEmptyStringsToNull.php(31): Illuminate\\Foundation\\Http\\Middleware\\TransformsRequest->handle()
#27 /home/beast/Desktop/CASH_ODDS-main/backend/vendor/laravel/framework/src/Illuminate/Pipeline/Pipeline.php(183): Illuminate\\Foundation\\Http\\Middleware\\ConvertEmptyStringsToNull->handle()
#28 /home/beast/Desktop/CASH_ODDS-main/backend/vendor/laravel/framework/src/Illuminate/Foundation/Http/Middleware/TransformsRequest.php(21): Illuminate\\Pipeline\\Pipeline->{closure:{closure:Illuminate\\Pipeline\\Pipeline::carry():158}:159}()
#29 /home/beast/Desktop/CASH_ODDS-main/backend/vendor/laravel/framework/src/Illuminate/Foundation/Http/Middleware/TrimStrings.php(40): Illuminate\\Foundation\\Http\\Middleware\\TransformsRequest->handle()
#30 /home/beast/Desktop/CASH_ODDS-main/backend/vendor/laravel/framework/src/Illuminate/Pipeline/Pipeline.php(183): Illuminate\\Foundation\\Http\\Middleware\\TrimStrings->handle()
#31 /home/beast/Desktop/CASH_ODDS-main/backend/vendor/laravel/framework/src/Illuminate/Foundation/Http/Middleware/ValidatePostSize.php(27): Illuminate\\Pipeline\\Pipeline->{closure:{closure:Illuminate\\Pipeline\\Pipeline::carry():158}:159}()
#32 /home/beast/Desktop/CASH_ODDS-main/backend/vendor/laravel/framework/src/Illuminate/Pipeline/Pipeline.php(183): Illuminate\\Foundation\\Http\\Middleware\\ValidatePostSize->handle()
#33 /home/beast/Desktop/CASH_ODDS-main/backend/vendor/laravel/framework/src/Illuminate/Foundation/Http/Middleware/PreventRequestsDuringMaintenance.php(99): Illuminate\\Pipeline\\Pipeline->{closure:{closure:Illuminate\\Pipeline\\Pipeline::carry():158}:159}()
#34 /home/beast/Desktop/CASH_ODDS-main/backend/vendor/laravel/framework/src/Illuminate/Pipeline/Pipeline.php(183): Illuminate\\Foundation\\Http\\Middleware\\PreventRequestsDuringMaintenance->handle()
#35 /home/beast/Desktop/CASH_ODDS-main/backend/vendor/laravel/framework/src/Illuminate/Http/Middleware/HandleCors.php(62): Illuminate\\Pipeline\\Pipeline->{closure:{closure:Illuminate\\Pipeline\\Pipeline::carry():158}:159}()
#36 /home/beast/Desktop/CASH_ODDS-main/backend/vendor/laravel/framework/src/Illuminate/Pipeline/Pipeline.php(183): Illuminate\\Http\\Middleware\\HandleCors->handle()
#37 /home/beast/Desktop/CASH_ODDS-main/backend/vendor/laravel/framework/src/Illuminate/Http/Middleware/TrustProxies.php(39): Illuminate\\Pipeline\\Pipeline->{closure:{closure:Illuminate\\Pipeline\\Pipeline::carry():158}:159}()
#38 /home/beast/Desktop/CASH_ODDS-main/backend/vendor/laravel/framework/src/Illuminate/Pipeline/Pipeline.php(183): Illuminate\\Http\\Middleware\\TrustProxies->handle()
#39 /home/beast/Desktop/CASH_ODDS-main/backend/vendor/laravel/framework/src/Illuminate/Http/Middleware/TrustHosts.php(48): Illuminate\\Pipeline\\Pipeline->{closure:{closure:Illuminate\\Pipeline\\Pipeline::carry():158}:159}()
#40 /home/beast/Desktop/CASH_ODDS-main/backend/vendor/laravel/framework/src/Illuminate/Pipeline/Pipeline.php(183): Illuminate\\Http\\Middleware\\TrustHosts->handle()
#41 /home/beast/Desktop/CASH_ODDS-main/backend/vendor/laravel/framework/src/Illuminate/Pipeline/Pipeline.php(119): Illuminate\\Pipeline\\Pipeline->{closure:{closure:Illuminate\\Pipeline\\Pipeline::carry():158}:159}()
#42 /home/beast/Desktop/CASH_ODDS-main/backend/vendor/laravel/framework/src/Illuminate/Foundation/Http/Kernel.php(175): Illuminate\\Pipeline\\Pipeline->then()
#43 /home/beast/Desktop/CASH_ODDS-main/backend/vendor/laravel/framework/src/Illuminate/Foundation/Http/Kernel.php(144): Illuminate\\Foundation\\Http\\Kernel->sendRequestThroughRouter()
#44 /home/beast/Desktop/CASH_ODDS-main/backend/public/index.php(36): Illuminate\\Foundation\\Http\\Kernel->handle()
#45 /home/beast/Desktop/CASH_ODDS-main/backend/vendor/laravel/framework/src/Illuminate/Foundation/resources/server.php(16): require_once('...')
#46 {main}
"} 
[2026-04-08 11:34:16] laravel.ERROR: Database file at path [database/database.sqlite] does not exist. Ensure this is an absolute path to the database. (Connection: sqlite, SQL: PRAGMA foreign_keys = ON;) {"exception":"[object] (Illuminate\\Database\\QueryException(code: 0): Database file at path [database/database.sqlite] does not exist. Ensure this is an absolute path to the database. (Connection: sqlite, SQL: PRAGMA foreign_keys = ON;) at /home/beast/Desktop/CASH_ODDS-main/backend/vendor/laravel/framework/src/Illuminate/Database/Connection.php:829)
[stacktrace]
#0 /home/beast/Desktop/CASH_ODDS-main/backend/vendor/laravel/framework/src/Illuminate/Database/Connection.php(783): Illuminate\\Database\\Connection->runQueryCallback()
#1 /home/beast/Desktop/CASH_ODDS-main/backend/vendor/laravel/framework/src/Illuminate/Database/Connection.php(576): Illuminate\\Database\\Connection->run()
#2 /home/beast/Desktop/CASH_ODDS-main/backend/vendor/laravel/framework/src/Illuminate/Database/Schema/Builder.php(560): Illuminate\\Database\\Connection->statement()
#3 /home/beast/Desktop/CASH_ODDS-main/backend/vendor/laravel/framework/src/Illuminate/Database/SQLiteConnection.php(36): Illuminate\\Database\\Schema\\Builder->enableForeignKeyConstraints()
#4 /home/beast/Desktop/CASH_ODDS-main/backend/vendor/laravel/framework/src/Illuminate/Database/Connectors/ConnectionFactory.php(272): Illuminate\\Database\\SQLiteConnection->__construct()
#5 /home/beast/Desktop/CASH_ODDS-main/backend/vendor/laravel/framework/src/Illuminate/Database/Connectors/ConnectionFactory.php(75): Illuminate\\Database\\Connectors\\ConnectionFactory->createConnection()
#6 /home/beast/Desktop/CASH_ODDS-main/backend/vendor/laravel/framework/src/Illuminate/Database/Connectors/ConnectionFactory.php(50): Illuminate\\Database\\Connectors\\ConnectionFactory->createSingleConnection()
#7 /home/beast/Desktop/CASH_ODDS-main/backend/vendor/laravel/framework/src/Illuminate/Database/DatabaseManager.php(175): Illuminate\\Database\\Connectors\\ConnectionFactory->make()
#8 /home/beast/Desktop/CASH_ODDS-main/backend/vendor/laravel/framework/src/Illuminate/Database/DatabaseManager.php(101): Illuminate\\Database\\DatabaseManager->makeConnection()
#9 /home/beast/Desktop/CASH_ODDS-main/backend/vendor/laravel/framework/src/Illuminate/Database/Eloquent/Model.php(1820): Illuminate\\Database\\DatabaseManager->connection()
#10 /home/beast/Desktop/CASH_ODDS-main/backend/vendor/laravel/framework/src/Illuminate/Database/Eloquent/Model.php(1786): Illuminate\\Database\\Eloquent\\Model::resolveConnection()
#11 /home/beast/Desktop/CASH_ODDS-main/backend/vendor/laravel/framework/src/Illuminate/Database/Eloquent/Model.php(1577): Illuminate\\Database\\Eloquent\\Model->getConnection()
#12 /home/beast/Desktop/CASH_ODDS-main/backend/vendor/laravel/framework/src/Illuminate/Database/Eloquent/Model.php(1496): Illuminate\\Database\\Eloquent\\Model->newBaseQueryBuilder()
#13 /home/beast/Desktop/CASH_ODDS-main/backend/vendor/laravel/framework/src/Illuminate/Database/Eloquent/Model.php(1532): Illuminate\\Database\\Eloquent\\Model->newModelQuery()
#14 /home/beast/Desktop/CASH_ODDS-main/backend/vendor/laravel/framework/src/Illuminate/Database/Eloquent/Model.php(1485): Illuminate\\Database\\Eloquent\\Model->newQueryWithoutScopes()
#15 /home/beast/Desktop/CASH_ODDS-main/backend/vendor/laravel/framework/src/Illuminate/Database/Eloquent/Model.php(2335): Illuminate\\Database\\Eloquent\\Model->newQuery()
#16 /home/beast/Desktop/CASH_ODDS-main/backend/vendor/laravel/framework/src/Illuminate/Database/Eloquent/Model.php(2347): Illuminate\\Database\\Eloquent\\Model->__call()
#17 /home/beast/Desktop/CASH_ODDS-main/backend/app/Http/Controllers/Api/SubscriptionController.php(15): Illuminate\\Database\\Eloquent\\Model::__callStatic()
#18 /home/beast/Desktop/CASH_ODDS-main/backend/vendor/laravel/framework/src/Illuminate/Routing/ControllerDispatcher.php(46): App\\Http\\Controllers\\Api\\SubscriptionController->plans()
#19 /home/beast/Desktop/CASH_ODDS-main/backend/vendor/laravel/framework/src/Illuminate/Routing/Route.php(259): Illuminate\\Routing\\ControllerDispatcher->dispatch()
#20 /home/beast/Desktop/CASH_ODDS-main/backend/vendor/laravel/framework/src/Illuminate/Routing/Route.php(205): Illuminate\\Routing\\Route->runController()
#21 /home/beast/Desktop/CASH_ODDS-main/backend/vendor/laravel/framework/src/Illuminate/Routing/Router.php(806): Illuminate\\Routing\\Route->run()
#22 /home/beast/Desktop/CASH_ODDS-main/backend/vendor/laravel/framework/src/Illuminate/Pipeline/Pipeline.php(144): Illuminate\\Routing\\Router->{closure:Illuminate\\Routing\\Router::runRouteWithinStack():805}()
#23 /home/beast/Desktop/CASH_ODDS-main/backend/vendor/laravel/framework/src/Illuminate/Routing/Middleware/SubstituteBindings.php(50): Illuminate\\Pipeline\\Pipeline->{closure:Illuminate\\Pipeline\\Pipeline::prepareDestination():142}()
#24 /home/beast/Desktop/CASH_ODDS-main/backend/vendor/laravel/framework/src/Illuminate/Pipeline/Pipeline.php(183): Illuminate\\Routing\\Middleware\\SubstituteBindings->handle()
#25 /home/beast/Desktop/CASH_ODDS-main/backend/vendor/laravel/framework/src/Illuminate/Routing/Middleware/ThrottleRequests.php(159): Illuminate\\Pipeline\\Pipeline->{closure:{closure:Illuminate\\Pipeline\\Pipeline::carry():158}:159}()
#26 /home/beast/Desktop/CASH_ODDS-main/backend/vendor/laravel/framework/src/Illuminate/Routing/Middleware/ThrottleRequests.php(125): Illuminate\\Routing\\Middleware\\ThrottleRequests->handleRequest()
#27 /home/beast/Desktop/CASH_ODDS-main/backend/vendor/laravel/framework/src/Illuminate/Routing/Middleware/ThrottleRequests.php(87): Illuminate\\Routing\\Middleware\\ThrottleRequests->handleRequestUsingNamedLimiter()
#28 /home/beast/Desktop/CASH_ODDS-main/backend/vendor/laravel/framework/src/Illuminate/Pipeline/Pipeline.php(183): Illuminate\\Routing\\Middleware\\ThrottleRequests->handle()
#29 /home/beast/Desktop/CASH_ODDS-main/backend/vendor/laravel/sanctum/src/Http/Middleware/EnsureFrontendRequestsAreStateful.php(25): Illuminate\\Pipeline\\Pipeline->{closure:{closure:Illuminate\\Pipeline\\Pipeline::carry():158}:159}()
#30 /home/beast/Desktop/CASH_ODDS-main/backend/vendor/laravel/framework/src/Illuminate/Pipeline/Pipeline.php(144): Laravel\\Sanctum\\Http\\Middleware\\EnsureFrontendRequestsAreStateful->{closure:Laravel\\Sanctum\\Http\\Middleware\\EnsureFrontendRequestsAreStateful::handle():24}()
#31 /home/beast/Desktop/CASH_ODDS-main/backend/vendor/laravel/framework/src/Illuminate/Pipeline/Pipeline.php(119): Illuminate\\Pipeline\\Pipeline->{closure:Illuminate\\Pipeline\\Pipeline::prepareDestination():142}()
#32 /home/beast/Desktop/CASH_ODDS-main/backend/vendor/laravel/sanctum/src/Http/Middleware/EnsureFrontendRequestsAreStateful.php(24): Illuminate\\Pipeline\\Pipeline->then()
#33 /home/beast/Desktop/CASH_ODDS-main/backend/vendor/laravel/framework/src/Illuminate/Pipeline/Pipeline.php(183): Laravel\\Sanctum\\Http\\Middleware\\EnsureFrontendRequestsAreStateful->handle()
#34 /home/beast/Desktop/CASH_ODDS-main/backend/vendor/laravel/framework/src/Illuminate/Pipeline/Pipeline.php(119): Illuminate\\Pipeline\\Pipeline->{closure:{closure:Illuminate\\Pipeline\\Pipeline::carry():158}:159}()
#35 /home/beast/Desktop/CASH_ODDS-main/backend/vendor/laravel/framework/src/Illuminate/Routing/Router.php(805): Illuminate\\Pipeline\\Pipeline->then()
#36 /home/beast/Desktop/CASH_ODDS-main/backend/vendor/laravel/framework/src/Illuminate/Routing/Router.php(784): Illuminate\\Routing\\Router->runRouteWithinStack()
#37 /home/beast/Desktop/CASH_ODDS-main/backend/vendor/laravel/framework/src/Illuminate/Routing/Router.php(748): Illuminate\\Routing\\Router->runRoute()
#38 /home/beast/Desktop/CASH_ODDS-main/backend/vendor/laravel/framework/src/Illuminate/Routing/Router.php(737): Illuminate\\Routing\\Router->dispatchToRoute()
#39 /home/beast/Desktop/CASH_ODDS-main/backend/vendor/laravel/framework/src/Illuminate/Foundation/Http/Kernel.php(200): Illuminate\\Routing\\Router->dispatch()
#40 /home/beast/Desktop/CASH_ODDS-main/backend/vendor/laravel/framework/src/Illuminate/Pipeline/Pipeline.php(144): Illuminate\\Foundation\\Http\\Kernel->{closure:Illuminate\\Foundation\\Http\\Kernel::dispatchToRouter():197}()
#41 /home/beast/Desktop/CASH_ODDS-main/backend/vendor/laravel/framework/src/Illuminate/Foundation/Http/Middleware/TransformsRequest.php(21): Illuminate\\Pipeline\\Pipeline->{closure:Illuminate\\Pipeline\\Pipeline::prepareDestination():142}()
#42 /home/beast/Desktop/CASH_ODDS-main/backend/vendor/laravel/framework/src/Illuminate/Foundation/Http/Middleware/ConvertEmptyStringsToNull.php(31): Illuminate\\Foundation\\Http\\Middleware\\TransformsRequest->handle()
#43 /home/beast/Desktop/CASH_ODDS-main/backend/vendor/laravel/framework/src/Illuminate/Pipeline/Pipeline.php(183): Illuminate\\Foundation\\Http\\Middleware\\ConvertEmptyStringsToNull->handle()
#44 /home/beast/Desktop/CASH_ODDS-main/backend/vendor/laravel/framework/src/Illuminate/Foundation/Http/Middleware/TransformsRequest.php(21): Illuminate\\Pipeline\\Pipeline->{closure:{closure:Illuminate\\Pipeline\\Pipeline::carry():158}:159}()
#45 /home/beast/Desktop/CASH_ODDS-main/backend/vendor/laravel/framework/src/Illuminate/Foundation/Http/Middleware/TrimStrings.php(40): Illuminate\\Foundation\\Http\\Middleware\\TransformsRequest->handle()
#46 /home/beast/Desktop/CASH_ODDS-main/backend/vendor/laravel/framework/src/Illuminate/Pipeline/Pipeline.php(183): Illuminate\\Foundation\\Http\\Middleware\\TrimStrings->handle()
#47 /home/beast/Desktop/CASH_ODDS-main/backend/vendor/laravel/framework/src/Illuminate/Foundation/Http/Middleware/ValidatePostSize.php(27): Illuminate\\Pipeline\\Pipeline->{closure:{closure:Illuminate\\Pipeline\\Pipeline::carry():158}:159}()
#48 /home/beast/Desktop/CASH_ODDS-main/backend/vendor/laravel/framework/src/Illuminate/Pipeline/Pipeline.php(183): Illuminate\\Foundation\\Http\\Middleware\\ValidatePostSize->handle()
#49 /home/beast/Desktop/CASH_ODDS-main/backend/vendor/laravel/framework/src/Illuminate/Foundation/Http/Middleware/PreventRequestsDuringMaintenance.php(99): Illuminate\\Pipeline\\Pipeline->{closure:{closure:Illuminate\\Pipeline\\Pipeline::carry():158}:159}()
#50 /home/beast/Desktop/CASH_ODDS-main/backend/vendor/laravel/framework/src/Illuminate/Pipeline/Pipeline.php(183): Illuminate\\Foundation\\Http\\Middleware\\PreventRequestsDuringMaintenance->handle()
#51 /home/beast/Desktop/CASH_ODDS-main/backend/vendor/laravel/framework/src/Illuminate/Http/Middleware/HandleCors.php(62): Illuminate\\Pipeline\\Pipeline->{closure:{closure:Illuminate\\Pipeline\\Pipeline::carry():158}:159}()
#52 /home/beast/Desktop/CASH_ODDS-main/backend/vendor/laravel/framework/src/Illuminate/Pipeline/Pipeline.php(183): Illuminate\\Http\\Middleware\\HandleCors->handle()
#53 /home/beast/Desktop/CASH_ODDS-main/backend/vendor/laravel/framework/src/Illuminate/Http/Middleware/TrustProxies.php(39): Illuminate\\Pipeline\\Pipeline->{closure:{closure:Illuminate\\Pipeline\\Pipeline::carry():158}:159}()
#54 /home/beast/Desktop/CASH_ODDS-main/backend/vendor/laravel/framework/src/Illuminate/Pipeline/Pipeline.php(183): Illuminate\\Http\\Middleware\\TrustProxies->handle()
#55 /home/beast/Desktop/CASH_ODDS-main/backend/vendor/laravel/framework/src/Illuminate/Http/Middleware/TrustHosts.php(48): Illuminate\\Pipeline\\Pipeline->{closure:{closure:Illuminate\\Pipeline\\Pipeline::carry():158}:159}()
#56 /home/beast/Desktop/CASH_ODDS-main/backend/vendor/laravel/framework/src/Illuminate/Pipeline/Pipeline.php(183): Illuminate\\Http\\Middleware\\TrustHosts->handle()
#57 /home/beast/Desktop/CASH_ODDS-main/backend/vendor/laravel/framework/src/Illuminate/Pipeline/Pipeline.php(119): Illuminate\\Pipeline\\Pipeline->{closure:{closure:Illuminate\\Pipeline\\Pipeline::carry():158}:159}()
#58 /home/beast/Desktop/CASH_ODDS-main/backend/vendor/laravel/framework/src/Illuminate/Foundation/Http/Kernel.php(175): Illuminate\\Pipeline\\Pipeline->then()
#59 /home/beast/Desktop/CASH_ODDS-main/backend/vendor/laravel/framework/src/Illuminate/Foundation/Http/Kernel.php(144): Illuminate\\Foundation\\Http\\Kernel->sendRequestThroughRouter()
#60 /home/beast/Desktop/CASH_ODDS-main/backend/public/index.php(36): Illuminate\\Foundation\\Http\\Kernel->handle()
#61 /home/beast/Desktop/CASH_ODDS-main/backend/vendor/laravel/framework/src/Illuminate/Foundation/resources/server.php(16): require_once('...')
#62 {main}

[previous exception] [object] (Illuminate\\Database\\SQLiteDatabaseDoesNotExistException(code: 0): Database file at path [database/database.sqlite] does not exist. Ensure this is an absolute path to the database. at /home/beast/Desktop/CASH_ODDS-main/backend/vendor/laravel/framework/src/Illuminate/Database/Connectors/SQLiteConnector.php:34)
[stacktrace]
#0 /home/beast/Desktop/CASH_ODDS-main/backend/vendor/laravel/framework/src/Illuminate/Database/Connectors/ConnectionFactory.php(221): Illuminate\\Database\\Connectors\\SQLiteConnector->connect()
#1 [internal function]: Illuminate\\Database\\Connectors\\ConnectionFactory->{closure:Illuminate\\Database\\Connectors\\ConnectionFactory::createPdoResolverWithoutHosts():221}()
#2 /home/beast/Desktop/CASH_ODDS-main/backend/vendor/laravel/framework/src/Illuminate/Database/Connection.php(1339): call_user_func()
#3 /home/beast/Desktop/CASH_ODDS-main/backend/vendor/laravel/framework/src/Illuminate/Database/Connection.php(581): Illuminate\\Database\\Connection->getPdo()
#4 /home/beast/Desktop/CASH_ODDS-main/backend/vendor/laravel/framework/src/Illuminate/Database/Connection.php(816): Illuminate\\Database\\Connection->{closure:Illuminate\\Database\\Connection::statement():576}()
#5 /home/beast/Desktop/CASH_ODDS-main/backend/vendor/laravel/framework/src/Illuminate/Database/Connection.php(783): Illuminate\\Database\\Connection->runQueryCallback()
#6 /home/beast/Desktop/CASH_ODDS-main/backend/vendor/laravel/framework/src/Illuminate/Database/Connection.php(576): Illuminate\\Database\\Connection->run()
#7 /home/beast/Desktop/CASH_ODDS-main/backend/vendor/laravel/framework/src/Illuminate/Database/Schema/Builder.php(560): Illuminate\\Database\\Connection->statement()
#8 /home/beast/Desktop/CASH_ODDS-main/backend/vendor/laravel/framework/src/Illuminate/Database/SQLiteConnection.php(36): Illuminate\\Database\\Schema\\Builder->enableForeignKeyConstraints()
#9 /home/beast/Desktop/CASH_ODDS-main/backend/vendor/laravel/framework/src/Illuminate/Database/Connectors/ConnectionFactory.php(272): Illuminate\\Database\\SQLiteConnection->__construct()
#10 /home/beast/Desktop/CASH_ODDS-main/backend/vendor/laravel/framework/src/Illuminate/Database/Connectors/ConnectionFactory.php(75): Illuminate\\Database\\Connectors\\ConnectionFactory->createConnection()
#11 /home/beast/Desktop/CASH_ODDS-main/backend/vendor/laravel/framework/src/Illuminate/Database/Connectors/ConnectionFactory.php(50): Illuminate\\Database\\Connectors\\ConnectionFactory->createSingleConnection()
#12 /home/beast/Desktop/CASH_ODDS-main/backend/vendor/laravel/framework/src/Illuminate/Database/DatabaseManager.php(175): Illuminate\\Database\\Connectors\\ConnectionFactory->make()
#13 /home/beast/Desktop/CASH_ODDS-main/backend/vendor/laravel/framework/src/Illuminate/Database/DatabaseManager.php(101): Illuminate\\Database\\DatabaseManager->makeConnection()
#14 /home/beast/Desktop/CASH_ODDS-main/backend/vendor/laravel/framework/src/Illuminate/Database/Eloquent/Model.php(1820): Illuminate\\Database\\DatabaseManager->connection()
#15 /home/beast/Desktop/CASH_ODDS-main/backend/vendor/laravel/framework/src/Illuminate/Database/Eloquent/Model.php(1786): Illuminate\\Database\\Eloquent\\Model::resolveConnection()
#16 /home/beast/Desktop/CASH_ODDS-main/backend/vendor/laravel/framework/src/Illuminate/Database/Eloquent/Model.php(1577): Illuminate\\Database\\Eloquent\\Model->getConnection()
#17 /home/beast/Desktop/CASH_ODDS-main/backend/vendor/laravel/framework/src/Illuminate/Database/Eloquent/Model.php(1496): Illuminate\\Database\\Eloquent\\Model->newBaseQueryBuilder()
#18 /home/beast/Desktop/CASH_ODDS-main/backend/vendor/laravel/framework/src/Illuminate/Database/Eloquent/Model.php(1532): Illuminate\\Database\\Eloquent\\Model->newModelQuery()
#19 /home/beast/Desktop/CASH_ODDS-main/backend/vendor/laravel/framework/src/Illuminate/Database/Eloquent/Model.php(1485): Illuminate\\Database\\Eloquent\\Model->newQueryWithoutScopes()
#20 /home/beast/Desktop/CASH_ODDS-main/backend/vendor/laravel/framework/src/Illuminate/Database/Eloquent/Model.php(2335): Illuminate\\Database\\Eloquent\\Model->newQuery()
#21 /home/beast/Desktop/CASH_ODDS-main/backend/vendor/laravel/framework/src/Illuminate/Database/Eloquent/Model.php(2347): Illuminate\\Database\\Eloquent\\Model->__call()
#22 /home/beast/Desktop/CASH_ODDS-main/backend/app/Http/Controllers/Api/SubscriptionController.php(15): Illuminate\\Database\\Eloquent\\Model::__callStatic()
#23 /home/beast/Desktop/CASH_ODDS-main/backend/vendor/laravel/framework/src/Illuminate/Routing/ControllerDispatcher.php(46): App\\Http\\Controllers\\Api\\SubscriptionController->plans()
#24 /home/beast/Desktop/CASH_ODDS-main/backend/vendor/laravel/framework/src/Illuminate/Routing/Route.php(259): Illuminate\\Routing\\ControllerDispatcher->dispatch()
#25 /home/beast/Desktop/CASH_ODDS-main/backend/vendor/laravel/framework/src/Illuminate/Routing/Route.php(205): Illuminate\\Routing\\Route->runController()
#26 /home/beast/Desktop/CASH_ODDS-main/backend/vendor/laravel/framework/src/Illuminate/Routing/Router.php(806): Illuminate\\Routing\\Route->run()
#27 /home/beast/Desktop/CASH_ODDS-main/backend/vendor/laravel/framework/src/Illuminate/Pipeline/Pipeline.php(144): Illuminate\\Routing\\Router->{closure:Illuminate\\Routing\\Router::runRouteWithinStack():805}()
#28 /home/beast/Desktop/CASH_ODDS-main/backend/vendor/laravel/framework/src/Illuminate/Routing/Middleware/SubstituteBindings.php(50): Illuminate\\Pipeline\\Pipeline->{closure:Illuminate\\Pipeline\\Pipeline::prepareDestination():142}()
#29 /home/beast/Desktop/CASH_ODDS-main/backend/vendor/laravel/framework/src/Illuminate/Pipeline/Pipeline.php(183): Illuminate\\Routing\\Middleware\\SubstituteBindings->handle()
#30 /home/beast/Desktop/CASH_ODDS-main/backend/vendor/laravel/framework/src/Illuminate/Routing/Middleware/ThrottleRequests.php(159): Illuminate\\Pipeline\\Pipeline->{closure:{closure:Illuminate\\Pipeline\\Pipeline::carry():158}:159}()
#31 /home/beast/Desktop/CASH_ODDS-main/backend/vendor/laravel/framework/src/Illuminate/Routing/Middleware/ThrottleRequests.php(125): Illuminate\\Routing\\Middleware\\ThrottleRequests->handleRequest()
#32 /home/beast/Desktop/CASH_ODDS-main/backend/vendor/laravel/framework/src/Illuminate/Routing/Middleware/ThrottleRequests.php(87): Illuminate\\Routing\\Middleware\\ThrottleRequests->handleRequestUsingNamedLimiter()
#33 /home/beast/Desktop/CASH_ODDS-main/backend/vendor/laravel/framework/src/Illuminate/Pipeline/Pipeline.php(183): Illuminate\\Routing\\Middleware\\ThrottleRequests->handle()
#34 /home/beast/Desktop/CASH_ODDS-main/backend/vendor/laravel/sanctum/src/Http/Middleware/EnsureFrontendRequestsAreStateful.php(25): Illuminate\\Pipeline\\Pipeline->{closure:{closure:Illuminate\\Pipeline\\Pipeline::carry():158}:159}()
#35 /home/beast/Desktop/CASH_ODDS-main/backend/vendor/laravel/framework/src/Illuminate/Pipeline/Pipeline.php(144): Laravel\\Sanctum\\Http\\Middleware\\EnsureFrontendRequestsAreStateful->{closure:Laravel\\Sanctum\\Http\\Middleware\\EnsureFrontendRequestsAreStateful::handle():24}()
#36 /home/beast/Desktop/CASH_ODDS-main/backend/vendor/laravel/framework/src/Illuminate/Pipeline/Pipeline.php(119): Illuminate\\Pipeline\\Pipeline->{closure:Illuminate\\Pipeline\\Pipeline::prepareDestination():142}()
#37 /home/beast/Desktop/CASH_ODDS-main/backend/vendor/laravel/sanctum/src/Http/Middleware/EnsureFrontendRequestsAreStateful.php(24): Illuminate\\Pipeline\\Pipeline->then()
#38 /home/beast/Desktop/CASH_ODDS-main/backend/vendor/laravel/framework/src/Illuminate/Pipeline/Pipeline.php(183): Laravel\\Sanctum\\Http\\Middleware\\EnsureFrontendRequestsAreStateful->handle()
#39 /home/beast/Desktop/CASH_ODDS-main/backend/vendor/laravel/framework/src/Illuminate/Pipeline/Pipeline.php(119): Illuminate\\Pipeline\\Pipeline->{closure:{closure:Illuminate\\Pipeline\\Pipeline::carry():158}:159}()
#40 /home/beast/Desktop/CASH_ODDS-main/backend/vendor/laravel/framework/src/Illuminate/Routing/Router.php(805): Illuminate\\Pipeline\\Pipeline->then()
#41 /home/beast/Desktop/CASH_ODDS-main/backend/vendor/laravel/framework/src/Illuminate/Routing/Router.php(784): Illuminate\\Routing\\Router->runRouteWithinStack()
#42 /home/beast/Desktop/CASH_ODDS-main/backend/vendor/laravel/framework/src/Illuminate/Routing/Router.php(748): Illuminate\\Routing\\Router->runRoute()
#43 /home/beast/Desktop/CASH_ODDS-main/backend/vendor/laravel/framework/src/Illuminate/Routing/Router.php(737): Illuminate\\Routing\\Router->dispatchToRoute()
#44 /home/beast/Desktop/CASH_ODDS-main/backend/vendor/laravel/framework/src/Illuminate/Foundation/Http/Kernel.php(200): Illuminate\\Routing\\Router->dispatch()
#45 /home/beast/Desktop/CASH_ODDS-main/backend/vendor/laravel/framework/src/Illuminate/Pipeline/Pipeline.php(144): Illuminate\\Foundation\\Http\\Kernel->{closure:Illuminate\\Foundation\\Http\\Kernel::dispatchToRouter():197}()
#46 /home/beast/Desktop/CASH_ODDS-main/backend/vendor/laravel/framework/src/Illuminate/Foundation/Http/Middleware/TransformsRequest.php(21): Illuminate\\Pipeline\\Pipeline->{closure:Illuminate\\Pipeline\\Pipeline::prepareDestination():142}()
#47 /home/beast/Desktop/CASH_ODDS-main/backend/vendor/laravel/framework/src/Illuminate/Foundation/Http/Middleware/ConvertEmptyStringsToNull.php(31): Illuminate\\Foundation\\Http\\Middleware\\TransformsRequest->handle()
#48 /home/beast/Desktop/CASH_ODDS-main/backend/vendor/laravel/framework/src/Illuminate/Pipeline/Pipeline.php(183): Illuminate\\Foundation\\Http\\Middleware\\ConvertEmptyStringsToNull->handle()
#49 /home/beast/Desktop/CASH_ODDS-main/backend/vendor/laravel/framework/src/Illuminate/Foundation/Http/Middleware/TransformsRequest.php(21): Illuminate\\Pipeline\\Pipeline->{closure:{closure:Illuminate\\Pipeline\\Pipeline::carry():158}:159}()
#50 /home/beast/Desktop/CASH_ODDS-main/backend/vendor/laravel/framework/src/Illuminate/Foundation/Http/Middleware/TrimStrings.php(40): Illuminate\\Foundation\\Http\\Middleware\\TransformsRequest->handle()
#51 /home/beast/Desktop/CASH_ODDS-main/backend/vendor/laravel/framework/src/Illuminate/Pipeline/Pipeline.php(183): Illuminate\\Foundation\\Http\\Middleware\\TrimStrings->handle()
#52 /home/beast/Desktop/CASH_ODDS-main/backend/vendor/laravel/framework/src/Illuminate/Foundation/Http/Middleware/ValidatePostSize.php(27): Illuminate\\Pipeline\\Pipeline->{closure:{closure:Illuminate\\Pipeline\\Pipeline::carry():158}:159}()
#53 /home/beast/Desktop/CASH_ODDS-main/backend/vendor/laravel/framework/src/Illuminate/Pipeline/Pipeline.php(183): Illuminate\\Foundation\\Http\\Middleware\\ValidatePostSize->handle()
#54 /home/beast/Desktop/CASH_ODDS-main/backend/vendor/laravel/framework/src/Illuminate/Foundation/Http/Middleware/PreventRequestsDuringMaintenance.php(99): Illuminate\\Pipeline\\Pipeline->{closure:{closure:Illuminate\\Pipeline\\Pipeline::carry():158}:159}()
#55 /home/beast/Desktop/CASH_ODDS-main/backend/vendor/laravel/framework/src/Illuminate/Pipeline/Pipeline.php(183): Illuminate\\Foundation\\Http\\Middleware\\PreventRequestsDuringMaintenance->handle()
#56 /home/beast/Desktop/CASH_ODDS-main/backend/vendor/laravel/framework/src/Illuminate/Http/Middleware/HandleCors.php(62): Illuminate\\Pipeline\\Pipeline->{closure:{closure:Illuminate\\Pipeline\\Pipeline::carry():158}:159}()
#57 /home/beast/Desktop/CASH_ODDS-main/backend/vendor/laravel/framework/src/Illuminate/Pipeline/Pipeline.php(183): Illuminate\\Http\\Middleware\\HandleCors->handle()
#58 /home/beast/Desktop/CASH_ODDS-main/backend/vendor/laravel/framework/src/Illuminate/Http/Middleware/TrustProxies.php(39): Illuminate\\Pipeline\\Pipeline->{closure:{closure:Illuminate\\Pipeline\\Pipeline::carry():158}:159}()
#59 /home/beast/Desktop/CASH_ODDS-main/backend/vendor/laravel/framework/src/Illuminate/Pipeline/Pipeline.php(183): Illuminate\\Http\\Middleware\\TrustProxies->handle()
#60 /home/beast/Desktop/CASH_ODDS-main/backend/vendor/laravel/framework/src/Illuminate/Http/Middleware/TrustHosts.php(48): Illuminate\\Pipeline\\Pipeline->{closure:{closure:Illuminate\\Pipeline\\Pipeline::carry():158}:159}()
#61 /home/beast/Desktop/CASH_ODDS-main/backend/vendor/laravel/framework/src/Illuminate/Pipeline/Pipeline.php(183): Illuminate\\Http\\Middleware\\TrustHosts->handle()
#62 /home/beast/Desktop/CASH_ODDS-main/backend/vendor/laravel/framework/src/Illuminate/Pipeline/Pipeline.php(119): Illuminate\\Pipeline\\Pipeline->{closure:{closure:Illuminate\\Pipeline\\Pipeline::carry():158}:159}()
#63 /home/beast/Desktop/CASH_ODDS-main/backend/vendor/laravel/framework/src/Illuminate/Foundation/Http/Kernel.php(175): Illuminate\\Pipeline\\Pipeline->then()
#64 /home/beast/Desktop/CASH_ODDS-main/backend/vendor/laravel/framework/src/Illuminate/Foundation/Http/Kernel.php(144): Illuminate\\Foundation\\Http\\Kernel->sendRequestThroughRouter()
#65 /home/beast/Desktop/CASH_ODDS-main/backend/public/index.php(36): Illuminate\\Foundation\\Http\\Kernel->handle()
#66 /home/beast/Desktop/CASH_ODDS-main/backend/vendor/laravel/framework/src/Illuminate/Foundation/resources/server.php(16): require_once('...')
#67 {main}
"} 
[2026-04-08 11:34:28] laravel.EMERGENCY: Unable to create configured logger. Using emergency logger. {"exception":"[object] (InvalidArgumentException(code: 0): Log [] is not defined. at /home/beast/Desktop/CASH_ODDS-main/backend/vendor/laravel/framework/src/Illuminate/Log/LogManager.php:212)
[stacktrace]
#0 /home/beast/Desktop/CASH_ODDS-main/backend/vendor/laravel/framework/src/Illuminate/Log/LogManager.php(137): Illuminate\\Log\\LogManager->resolve()
#1 /home/beast/Desktop/CASH_ODDS-main/backend/vendor/laravel/framework/src/Illuminate/Log/LogManager.php(124): Illuminate\\Log\\LogManager->get()
#2 /home/beast/Desktop/CASH_ODDS-main/backend/vendor/laravel/framework/src/Illuminate/Log/LogManager.php(681): Illuminate\\Log\\LogManager->driver()
#3 /home/beast/Desktop/CASH_ODDS-main/backend/vendor/laravel/framework/src/Illuminate/Foundation/Exceptions/Handler.php(317): Illuminate\\Log\\LogManager->error()
#4 /home/beast/Desktop/CASH_ODDS-main/backend/vendor/laravel/framework/src/Illuminate/Foundation/Exceptions/Handler.php(278): Illuminate\\Foundation\\Exceptions\\Handler->reportThrowable()
#5 /home/beast/Desktop/CASH_ODDS-main/backend/vendor/laravel/framework/src/Illuminate/Routing/Pipeline.php(49): Illuminate\\Foundation\\Exceptions\\Handler->report()
#6 /home/beast/Desktop/CASH_ODDS-main/backend/vendor/laravel/framework/src/Illuminate/Pipeline/Pipeline.php(146): Illuminate\\Routing\\Pipeline->handleException()
#7 /home/beast/Desktop/CASH_ODDS-main/backend/vendor/laravel/framework/src/Illuminate/Routing/Middleware/SubstituteBindings.php(50): Illuminate\\Pipeline\\Pipeline->{closure:Illuminate\\Pipeline\\Pipeline::prepareDestination():142}()
#8 /home/beast/Desktop/CASH_ODDS-main/backend/vendor/laravel/framework/src/Illuminate/Pipeline/Pipeline.php(183): Illuminate\\Routing\\Middleware\\SubstituteBindings->handle()
#9 /home/beast/Desktop/CASH_ODDS-main/backend/vendor/laravel/framework/src/Illuminate/Routing/Middleware/ThrottleRequests.php(159): Illuminate\\Pipeline\\Pipeline->{closure:{closure:Illuminate\\Pipeline\\Pipeline::carry():158}:159}()
#10 /home/beast/Desktop/CASH_ODDS-main/backend/vendor/laravel/framework/src/Illuminate/Routing/Middleware/ThrottleRequests.php(125): Illuminate\\Routing\\Middleware\\ThrottleRequests->handleRequest()
#11 /home/beast/Desktop/CASH_ODDS-main/backend/vendor/laravel/framework/src/Illuminate/Routing/Middleware/ThrottleRequests.php(87): Illuminate\\Routing\\Middleware\\ThrottleRequests->handleRequestUsingNamedLimiter()
#12 /home/beast/Desktop/CASH_ODDS-main/backend/vendor/laravel/framework/src/Illuminate/Pipeline/Pipeline.php(183): Illuminate\\Routing\\Middleware\\ThrottleRequests->handle()
#13 /home/beast/Desktop/CASH_ODDS-main/backend/vendor/laravel/sanctum/src/Http/Middleware/EnsureFrontendRequestsAreStateful.php(25): Illuminate\\Pipeline\\Pipeline->{closure:{closure:Illuminate\\Pipeline\\Pipeline::carry():158}:159}()
#14 /home/beast/Desktop/CASH_ODDS-main/backend/vendor/laravel/framework/src/Illuminate/Pipeline/Pipeline.php(144): Laravel\\Sanctum\\Http\\Middleware\\EnsureFrontendRequestsAreStateful->{closure:Laravel\\Sanctum\\Http\\Middleware\\EnsureFrontendRequestsAreStateful::handle():24}()
#15 /home/beast/Desktop/CASH_ODDS-main/backend/vendor/laravel/framework/src/Illuminate/Pipeline/Pipeline.php(119): Illuminate\\Pipeline\\Pipeline->{closure:Illuminate\\Pipeline\\Pipeline::prepareDestination():142}()
#16 /home/beast/Desktop/CASH_ODDS-main/backend/vendor/laravel/sanctum/src/Http/Middleware/EnsureFrontendRequestsAreStateful.php(24): Illuminate\\Pipeline\\Pipeline->then()
#17 /home/beast/Desktop/CASH_ODDS-main/backend/vendor/laravel/framework/src/Illuminate/Pipeline/Pipeline.php(183): Laravel\\Sanctum\\Http\\Middleware\\EnsureFrontendRequestsAreStateful->handle()
#18 /home/beast/Desktop/CASH_ODDS-main/backend/vendor/laravel/framework/src/Illuminate/Pipeline/Pipeline.php(119): Illuminate\\Pipeline\\Pipeline->{closure:{closure:Illuminate\\Pipeline\\Pipeline::carry():158}:159}()
#19 /home/beast/Desktop/CASH_ODDS-main/backend/vendor/laravel/framework/src/Illuminate/Routing/Router.php(805): Illuminate\\Pipeline\\Pipeline->then()
#20 /home/beast/Desktop/CASH_ODDS-main/backend/vendor/laravel/framework/src/Illuminate/Routing/Router.php(784): Illuminate\\Routing\\Router->runRouteWithinStack()
#21 /home/beast/Desktop/CASH_ODDS-main/backend/vendor/laravel/framework/src/Illuminate/Routing/Router.php(748): Illuminate\\Routing\\Router->runRoute()
#22 /home/beast/Desktop/CASH_ODDS-main/backend/vendor/laravel/framework/src/Illuminate/Routing/Router.php(737): Illuminate\\Routing\\Router->dispatchToRoute()
#23 /home/beast/Desktop/CASH_ODDS-main/backend/vendor/laravel/framework/src/Illuminate/Foundation/Http/Kernel.php(200): Illuminate\\Routing\\Router->dispatch()
#24 /home/beast/Desktop/CASH_ODDS-main/backend/vendor/laravel/framework/src/Illuminate/Pipeline/Pipeline.php(144): Illuminate\\Foundation\\Http\\Kernel->{closure:Illuminate\\Foundation\\Http\\Kernel::dispatchToRouter():197}()
#25 /home/beast/Desktop/CASH_ODDS-main/backend/vendor/laravel/framework/src/Illuminate/Foundation/Http/Middleware/TransformsRequest.php(21): Illuminate\\Pipeline\\Pipeline->{closure:Illuminate\\Pipeline\\Pipeline::prepareDestination():142}()
#26 /home/beast/Desktop/CASH_ODDS-main/backend/vendor/laravel/framework/src/Illuminate/Foundation/Http/Middleware/ConvertEmptyStringsToNull.php(31): Illuminate\\Foundation\\Http\\Middleware\\TransformsRequest->handle()
#27 /home/beast/Desktop/CASH_ODDS-main/backend/vendor/laravel/framework/src/Illuminate/Pipeline/Pipeline.php(183): Illuminate\\Foundation\\Http\\Middleware\\ConvertEmptyStringsToNull->handle()
#28 /home/beast/Desktop/CASH_ODDS-main/backend/vendor/laravel/framework/src/Illuminate/Foundation/Http/Middleware/TransformsRequest.php(21): Illuminate\\Pipeline\\Pipeline->{closure:{closure:Illuminate\\Pipeline\\Pipeline::carry():158}:159}()
#29 /home/beast/Desktop/CASH_ODDS-main/backend/vendor/laravel/framework/src/Illuminate/Foundation/Http/Middleware/TrimStrings.php(40): Illuminate\\Foundation\\Http\\Middleware\\TransformsRequest->handle()
#30 /home/beast/Desktop/CASH_ODDS-main/backend/vendor/laravel/framework/src/Illuminate/Pipeline/Pipeline.php(183): Illuminate\\Foundation\\Http\\Middleware\\TrimStrings->handle()
#31 /home/beast/Desktop/CASH_ODDS-main/backend/vendor/laravel/framework/src/Illuminate/Foundation/Http/Middleware/ValidatePostSize.php(27): Illuminate\\Pipeline\\Pipeline->{closure:{closure:Illuminate\\Pipeline\\Pipeline::carry():158}:159}()
#32 /home/beast/Desktop/CASH_ODDS-main/backend/vendor/laravel/framework/src/Illuminate/Pipeline/Pipeline.php(183): Illuminate\\Foundation\\Http\\Middleware\\ValidatePostSize->handle()
#33 /home/beast/Desktop/CASH_ODDS-main/backend/vendor/laravel/framework/src/Illuminate/Foundation/Http/Middleware/PreventRequestsDuringMaintenance.php(99): Illuminate\\Pipeline\\Pipeline->{closure:{closure:Illuminate\\Pipeline\\Pipeline::carry():158}:159}()
#34 /home/beast/Desktop/CASH_ODDS-main/backend/vendor/laravel/framework/src/Illuminate/Pipeline/Pipeline.php(183): Illuminate\\Foundation\\Http\\Middleware\\PreventRequestsDuringMaintenance->handle()
#35 /home/beast/Desktop/CASH_ODDS-main/backend/vendor/laravel/framework/src/Illuminate/Http/Middleware/HandleCors.php(62): Illuminate\\Pipeline\\Pipeline->{closure:{closure:Illuminate\\Pipeline\\Pipeline::carry():158}:159}()
#36 /home/beast/Desktop/CASH_ODDS-main/backend/vendor/laravel/framework/src/Illuminate/Pipeline/Pipeline.php(183): Illuminate\\Http\\Middleware\\HandleCors->handle()
#37 /home/beast/Desktop/CASH_ODDS-main/backend/vendor/laravel/framework/src/Illuminate/Http/Middleware/TrustProxies.php(39): Illuminate\\Pipeline\\Pipeline->{closure:{closure:Illuminate\\Pipeline\\Pipeline::carry():158}:159}()
#38 /home/beast/Desktop/CASH_ODDS-main/backend/vendor/laravel/framework/src/Illuminate/Pipeline/Pipeline.php(183): Illuminate\\Http\\Middleware\\TrustProxies->handle()
#39 /home/beast/Desktop/CASH_ODDS-main/backend/vendor/laravel/framework/src/Illuminate/Http/Middleware/TrustHosts.php(48): Illuminate\\Pipeline\\Pipeline->{closure:{closure:Illuminate\\Pipeline\\Pipeline::carry():158}:159}()
#40 /home/beast/Desktop/CASH_ODDS-main/backend/vendor/laravel/framework/src/Illuminate/Pipeline/Pipeline.php(183): Illuminate\\Http\\Middleware\\TrustHosts->handle()
#41 /home/beast/Desktop/CASH_ODDS-main/backend/vendor/laravel/framework/src/Illuminate/Pipeline/Pipeline.php(119): Illuminate\\Pipeline\\Pipeline->{closure:{closure:Illuminate\\Pipeline\\Pipeline::carry():158}:159}()
#42 /home/beast/Desktop/CASH_ODDS-main/backend/vendor/laravel/framework/src/Illuminate/Foundation/Http/Kernel.php(175): Illuminate\\Pipeline\\Pipeline->then()
#43 /home/beast/Desktop/CASH_ODDS-main/backend/vendor/laravel/framework/src/Illuminate/Foundation/Http/Kernel.php(144): Illuminate\\Foundation\\Http\\Kernel->sendRequestThroughRouter()
#44 /home/beast/Desktop/CASH_ODDS-main/backend/public/index.php(36): Illuminate\\Foundation\\Http\\Kernel->handle()
#45 /home/beast/Desktop/CASH_ODDS-main/backend/vendor/laravel/framework/src/Illuminate/Foundation/resources/server.php(16): require_once('...')
#46 {main}
"} 
[2026-04-08 11:34:28] laravel.ERROR: Database file at path [database/database.sqlite] does not exist. Ensure this is an absolute path to the database. (Connection: sqlite, SQL: PRAGMA foreign_keys = ON;) {"exception":"[object] (Illuminate\\Database\\QueryException(code: 0): Database file at path [database/database.sqlite] does not exist. Ensure this is an absolute path to the database. (Connection: sqlite, SQL: PRAGMA foreign_keys = ON;) at /home/beast/Desktop/CASH_ODDS-main/backend/vendor/laravel/framework/src/Illuminate/Database/Connection.php:829)
[stacktrace]
#0 /home/beast/Desktop/CASH_ODDS-main/backend/vendor/laravel/framework/src/Illuminate/Database/Connection.php(783): Illuminate\\Database\\Connection->runQueryCallback()
#1 /home/beast/Desktop/CASH_ODDS-main/backend/vendor/laravel/framework/src/Illuminate/Database/Connection.php(576): Illuminate\\Database\\Connection->run()
#2 /home/beast/Desktop/CASH_ODDS-main/backend/vendor/laravel/framework/src/Illuminate/Database/Schema/Builder.php(560): Illuminate\\Database\\Connection->statement()
#3 /home/beast/Desktop/CASH_ODDS-main/backend/vendor/laravel/framework/src/Illuminate/Database/SQLiteConnection.php(36): Illuminate\\Database\\Schema\\Builder->enableForeignKeyConstraints()
#4 /home/beast/Desktop/CASH_ODDS-main/backend/vendor/laravel/framework/src/Illuminate/Database/Connectors/ConnectionFactory.php(272): Illuminate\\Database\\SQLiteConnection->__construct()
#5 /home/beast/Desktop/CASH_ODDS-main/backend/vendor/laravel/framework/src/Illuminate/Database/Connectors/ConnectionFactory.php(75): Illuminate\\Database\\Connectors\\ConnectionFactory->createConnection()
#6 /home/beast/Desktop/CASH_ODDS-main/backend/vendor/laravel/framework/src/Illuminate/Database/Connectors/ConnectionFactory.php(50): Illuminate\\Database\\Connectors\\ConnectionFactory->createSingleConnection()
#7 /home/beast/Desktop/CASH_ODDS-main/backend/vendor/laravel/framework/src/Illuminate/Database/DatabaseManager.php(175): Illuminate\\Database\\Connectors\\ConnectionFactory->make()
#8 /home/beast/Desktop/CASH_ODDS-main/backend/vendor/laravel/framework/src/Illuminate/Database/DatabaseManager.php(101): Illuminate\\Database\\DatabaseManager->makeConnection()
#9 /home/beast/Desktop/CASH_ODDS-main/backend/vendor/laravel/framework/src/Illuminate/Database/Eloquent/Model.php(1820): Illuminate\\Database\\DatabaseManager->connection()
#10 /home/beast/Desktop/CASH_ODDS-main/backend/vendor/laravel/framework/src/Illuminate/Database/Eloquent/Model.php(1786): Illuminate\\Database\\Eloquent\\Model::resolveConnection()
#11 /home/beast/Desktop/CASH_ODDS-main/backend/vendor/laravel/framework/src/Illuminate/Database/Eloquent/Model.php(1577): Illuminate\\Database\\Eloquent\\Model->getConnection()
#12 /home/beast/Desktop/CASH_ODDS-main/backend/vendor/laravel/framework/src/Illuminate/Database/Eloquent/Model.php(1496): Illuminate\\Database\\Eloquent\\Model->newBaseQueryBuilder()
#13 /home/beast/Desktop/CASH_ODDS-main/backend/vendor/laravel/framework/src/Illuminate/Database/Eloquent/Model.php(1532): Illuminate\\Database\\Eloquent\\Model->newModelQuery()
#14 /home/beast/Desktop/CASH_ODDS-main/backend/vendor/laravel/framework/src/Illuminate/Database/Eloquent/Model.php(1485): Illuminate\\Database\\Eloquent\\Model->newQueryWithoutScopes()
#15 /home/beast/Desktop/CASH_ODDS-main/backend/vendor/laravel/framework/src/Illuminate/Database/Eloquent/Model.php(2335): Illuminate\\Database\\Eloquent\\Model->newQuery()
#16 /home/beast/Desktop/CASH_ODDS-main/backend/vendor/laravel/framework/src/Illuminate/Database/Eloquent/Model.php(2347): Illuminate\\Database\\Eloquent\\Model->__call()
#17 /home/beast/Desktop/CASH_ODDS-main/backend/app/Http/Controllers/Api/SubscriptionController.php(15): Illuminate\\Database\\Eloquent\\Model::__callStatic()
#18 /home/beast/Desktop/CASH_ODDS-main/backend/vendor/laravel/framework/src/Illuminate/Routing/ControllerDispatcher.php(46): App\\Http\\Controllers\\Api\\SubscriptionController->plans()
#19 /home/beast/Desktop/CASH_ODDS-main/backend/vendor/laravel/framework/src/Illuminate/Routing/Route.php(259): Illuminate\\Routing\\ControllerDispatcher->dispatch()
#20 /home/beast/Desktop/CASH_ODDS-main/backend/vendor/laravel/framework/src/Illuminate/Routing/Route.php(205): Illuminate\\Routing\\Route->runController()
#21 /home/beast/Desktop/CASH_ODDS-main/backend/vendor/laravel/framework/src/Illuminate/Routing/Router.php(806): Illuminate\\Routing\\Route->run()
#22 /home/beast/Desktop/CASH_ODDS-main/backend/vendor/laravel/framework/src/Illuminate/Pipeline/Pipeline.php(144): Illuminate\\Routing\\Router->{closure:Illuminate\\Routing\\Router::runRouteWithinStack():805}()
#23 /home/beast/Desktop/CASH_ODDS-main/backend/vendor/laravel/framework/src/Illuminate/Routing/Middleware/SubstituteBindings.php(50): Illuminate\\Pipeline\\Pipeline->{closure:Illuminate\\Pipeline\\Pipeline::prepareDestination():142}()
#24 /home/beast/Desktop/CASH_ODDS-main/backend/vendor/laravel/framework/src/Illuminate/Pipeline/Pipeline.php(183): Illuminate\\Routing\\Middleware\\SubstituteBindings->handle()
#25 /home/beast/Desktop/CASH_ODDS-main/backend/vendor/laravel/framework/src/Illuminate/Routing/Middleware/ThrottleRequests.php(159): Illuminate\\Pipeline\\Pipeline->{closure:{closure:Illuminate\\Pipeline\\Pipeline::carry():158}:159}()
#26 /home/beast/Desktop/CASH_ODDS-main/backend/vendor/laravel/framework/src/Illuminate/Routing/Middleware/ThrottleRequests.php(125): Illuminate\\Routing\\Middleware\\ThrottleRequests->handleRequest()
#27 /home/beast/Desktop/CASH_ODDS-main/backend/vendor/laravel/framework/src/Illuminate/Routing/Middleware/ThrottleRequests.php(87): Illuminate\\Routing\\Middleware\\ThrottleRequests->handleRequestUsingNamedLimiter()
#28 /home/beast/Desktop/CASH_ODDS-main/backend/vendor/laravel/framework/src/Illuminate/Pipeline/Pipeline.php(183): Illuminate\\Routing\\Middleware\\ThrottleRequests->handle()
#29 /home/beast/Desktop/CASH_ODDS-main/backend/vendor/laravel/sanctum/src/Http/Middleware/EnsureFrontendRequestsAreStateful.php(25): Illuminate\\Pipeline\\Pipeline->{closure:{closure:Illuminate\\Pipeline\\Pipeline::carry():158}:159}()
#30 /home/beast/Desktop/CASH_ODDS-main/backend/vendor/laravel/framework/src/Illuminate/Pipeline/Pipeline.php(144): Laravel\\Sanctum\\Http\\Middleware\\EnsureFrontendRequestsAreStateful->{closure:Laravel\\Sanctum\\Http\\Middleware\\EnsureFrontendRequestsAreStateful::handle():24}()
#31 /home/beast/Desktop/CASH_ODDS-main/backend/vendor/laravel/framework/src/Illuminate/Pipeline/Pipeline.php(119): Illuminate\\Pipeline\\Pipeline->{closure:Illuminate\\Pipeline\\Pipeline::prepareDestination():142}()
#32 /home/beast/Desktop/CASH_ODDS-main/backend/vendor/laravel/sanctum/src/Http/Middleware/EnsureFrontendRequestsAreStateful.php(24): Illuminate\\Pipeline\\Pipeline->then()
#33 /home/beast/Desktop/CASH_ODDS-main/backend/vendor/laravel/framework/src/Illuminate/Pipeline/Pipeline.php(183): Laravel\\Sanctum\\Http\\Middleware\\EnsureFrontendRequestsAreStateful->handle()
#34 /home/beast/Desktop/CASH_ODDS-main/backend/vendor/laravel/framework/src/Illuminate/Pipeline/Pipeline.php(119): Illuminate\\Pipeline\\Pipeline->{closure:{closure:Illuminate\\Pipeline\\Pipeline::carry():158}:159}()
#35 /home/beast/Desktop/CASH_ODDS-main/backend/vendor/laravel/framework/src/Illuminate/Routing/Router.php(805): Illuminate\\Pipeline\\Pipeline->then()
#36 /home/beast/Desktop/CASH_ODDS-main/backend/vendor/laravel/framework/src/Illuminate/Routing/Router.php(784): Illuminate\\Routing\\Router->runRouteWithinStack()
#37 /home/beast/Desktop/CASH_ODDS-main/backend/vendor/laravel/framework/src/Illuminate/Routing/Router.php(748): Illuminate\\Routing\\Router->runRoute()
#38 /home/beast/Desktop/CASH_ODDS-main/backend/vendor/laravel/framework/src/Illuminate/Routing/Router.php(737): Illuminate\\Routing\\Router->dispatchToRoute()
#39 /home/beast/Desktop/CASH_ODDS-main/backend/vendor/laravel/framework/src/Illuminate/Foundation/Http/Kernel.php(200): Illuminate\\Routing\\Router->dispatch()
#40 /home/beast/Desktop/CASH_ODDS-main/backend/vendor/laravel/framework/src/Illuminate/Pipeline/Pipeline.php(144): Illuminate\\Foundation\\Http\\Kernel->{closure:Illuminate\\Foundation\\Http\\Kernel::dispatchToRouter():197}()
#41 /home/beast/Desktop/CASH_ODDS-main/backend/vendor/laravel/framework/src/Illuminate/Foundation/Http/Middleware/TransformsRequest.php(21): Illuminate\\Pipeline\\Pipeline->{closure:Illuminate\\Pipeline\\Pipeline::prepareDestination():142}()
#42 /home/beast/Desktop/CASH_ODDS-main/backend/vendor/laravel/framework/src/Illuminate/Foundation/Http/Middleware/ConvertEmptyStringsToNull.php(31): Illuminate\\Foundation\\Http\\Middleware\\TransformsRequest->handle()
#43 /home/beast/Desktop/CASH_ODDS-main/backend/vendor/laravel/framework/src/Illuminate/Pipeline/Pipeline.php(183): Illuminate\\Foundation\\Http\\Middleware\\ConvertEmptyStringsToNull->handle()
#44 /home/beast/Desktop/CASH_ODDS-main/backend/vendor/laravel/framework/src/Illuminate/Foundation/Http/Middleware/TransformsRequest.php(21): Illuminate\\Pipeline\\Pipeline->{closure:{closure:Illuminate\\Pipeline\\Pipeline::carry():158}:159}()
#45 /home/beast/Desktop/CASH_ODDS-main/backend/vendor/laravel/framework/src/Illuminate/Foundation/Http/Middleware/TrimStrings.php(40): Illuminate\\Foundation\\Http\\Middleware\\TransformsRequest->handle()
#46 /home/beast/Desktop/CASH_ODDS-main/backend/vendor/laravel/framework/src/Illuminate/Pipeline/Pipeline.php(183): Illuminate\\Foundation\\Http\\Middleware\\TrimStrings->handle()
#47 /home/beast/Desktop/CASH_ODDS-main/backend/vendor/laravel/framework/src/Illuminate/Foundation/Http/Middleware/ValidatePostSize.php(27): Illuminate\\Pipeline\\Pipeline->{closure:{closure:Illuminate\\Pipeline\\Pipeline::carry():158}:159}()
#48 /home/beast/Desktop/CASH_ODDS-main/backend/vendor/laravel/framework/src/Illuminate/Pipeline/Pipeline.php(183): Illuminate\\Foundation\\Http\\Middleware\\ValidatePostSize->handle()
#49 /home/beast/Desktop/CASH_ODDS-main/backend/vendor/laravel/framework/src/Illuminate/Foundation/Http/Middleware/PreventRequestsDuringMaintenance.php(99): Illuminate\\Pipeline\\Pipeline->{closure:{closure:Illuminate\\Pipeline\\Pipeline::carry():158}:159}()
#50 /home/beast/Desktop/CASH_ODDS-main/backend/vendor/laravel/framework/src/Illuminate/Pipeline/Pipeline.php(183): Illuminate\\Foundation\\Http\\Middleware\\PreventRequestsDuringMaintenance->handle()
#51 /home/beast/Desktop/CASH_ODDS-main/backend/vendor/laravel/framework/src/Illuminate/Http/Middleware/HandleCors.php(62): Illuminate\\Pipeline\\Pipeline->{closure:{closure:Illuminate\\Pipeline\\Pipeline::carry():158}:159}()
#52 /home/beast/Desktop/CASH_ODDS-main/backend/vendor/laravel/framework/src/Illuminate/Pipeline/Pipeline.php(183): Illuminate\\Http\\Middleware\\HandleCors->handle()
#53 /home/beast/Desktop/CASH_ODDS-main/backend/vendor/laravel/framework/src/Illuminate/Http/Middleware/TrustProxies.php(39): Illuminate\\Pipeline\\Pipeline->{closure:{closure:Illuminate\\Pipeline\\Pipeline::carry():158}:159}()
#54 /home/beast/Desktop/CASH_ODDS-main/backend/vendor/laravel/framework/src/Illuminate/Pipeline/Pipeline.php(183): Illuminate\\Http\\Middleware\\TrustProxies->handle()
#55 /home/beast/Desktop/CASH_ODDS-main/backend/vendor/laravel/framework/src/Illuminate/Http/Middleware/TrustHosts.php(48): Illuminate\\Pipeline\\Pipeline->{closure:{closure:Illuminate\\Pipeline\\Pipeline::carry():158}:159}()
#56 /home/beast/Desktop/CASH_ODDS-main/backend/vendor/laravel/framework/src/Illuminate/Pipeline/Pipeline.php(183): Illuminate\\Http\\Middleware\\TrustHosts->handle()
#57 /home/beast/Desktop/CASH_ODDS-main/backend/vendor/laravel/framework/src/Illuminate/Pipeline/Pipeline.php(119): Illuminate\\Pipeline\\Pipeline->{closure:{closure:Illuminate\\Pipeline\\Pipeline::carry():158}:159}()
#58 /home/beast/Desktop/CASH_ODDS-main/backend/vendor/laravel/framework/src/Illuminate/Foundation/Http/Kernel.php(175): Illuminate\\Pipeline\\Pipeline->then()
#59 /home/beast/Desktop/CASH_ODDS-main/backend/vendor/laravel/framework/src/Illuminate/Foundation/Http/Kernel.php(144): Illuminate\\Foundation\\Http\\Kernel->sendRequestThroughRouter()
#60 /home/beast/Desktop/CASH_ODDS-main/backend/public/index.php(36): Illuminate\\Foundation\\Http\\Kernel->handle()
#61 /home/beast/Desktop/CASH_ODDS-main/backend/vendor/laravel/framework/src/Illuminate/Foundation/resources/server.php(16): require_once('...')
#62 {main}

[previous exception] [object] (Illuminate\\Database\\SQLiteDatabaseDoesNotExistException(code: 0): Database file at path [database/database.sqlite] does not exist. Ensure this is an absolute path to the database. at /home/beast/Desktop/CASH_ODDS-main/backend/vendor/laravel/framework/src/Illuminate/Database/Connectors/SQLiteConnector.php:34)
[stacktrace]
#0 /home/beast/Desktop/CASH_ODDS-main/backend/vendor/laravel/framework/src/Illuminate/Database/Connectors/ConnectionFactory.php(221): Illuminate\\Database\\Connectors\\SQLiteConnector->connect()
#1 [internal function]: Illuminate\\Database\\Connectors\\ConnectionFactory->{closure:Illuminate\\Database\\Connectors\\ConnectionFactory::createPdoResolverWithoutHosts():221}()
#2 /home/beast/Desktop/CASH_ODDS-main/backend/vendor/laravel/framework/src/Illuminate/Database/Connection.php(1339): call_user_func()
#3 /home/beast/Desktop/CASH_ODDS-main/backend/vendor/laravel/framework/src/Illuminate/Database/Connection.php(581): Illuminate\\Database\\Connection->getPdo()
#4 /home/beast/Desktop/CASH_ODDS-main/backend/vendor/laravel/framework/src/Illuminate/Database/Connection.php(816): Illuminate\\Database\\Connection->{closure:Illuminate\\Database\\Connection::statement():576}()
#5 /home/beast/Desktop/CASH_ODDS-main/backend/vendor/laravel/framework/src/Illuminate/Database/Connection.php(783): Illuminate\\Database\\Connection->runQueryCallback()
#6 /home/beast/Desktop/CASH_ODDS-main/backend/vendor/laravel/framework/src/Illuminate/Database/Connection.php(576): Illuminate\\Database\\Connection->run()
#7 /home/beast/Desktop/CASH_ODDS-main/backend/vendor/laravel/framework/src/Illuminate/Database/Schema/Builder.php(560): Illuminate\\Database\\Connection->statement()
#8 /home/beast/Desktop/CASH_ODDS-main/backend/vendor/laravel/framework/src/Illuminate/Database/SQLiteConnection.php(36): Illuminate\\Database\\Schema\\Builder->enableForeignKeyConstraints()
#9 /home/beast/Desktop/CASH_ODDS-main/backend/vendor/laravel/framework/src/Illuminate/Database/Connectors/ConnectionFactory.php(272): Illuminate\\Database\\SQLiteConnection->__construct()
#10 /home/beast/Desktop/CASH_ODDS-main/backend/vendor/laravel/framework/src/Illuminate/Database/Connectors/ConnectionFactory.php(75): Illuminate\\Database\\Connectors\\ConnectionFactory->createConnection()
#11 /home/beast/Desktop/CASH_ODDS-main/backend/vendor/laravel/framework/src/Illuminate/Database/Connectors/ConnectionFactory.php(50): Illuminate\\Database\\Connectors\\ConnectionFactory->createSingleConnection()
#12 /home/beast/Desktop/CASH_ODDS-main/backend/vendor/laravel/framework/src/Illuminate/Database/DatabaseManager.php(175): Illuminate\\Database\\Connectors\\ConnectionFactory->make()
#13 /home/beast/Desktop/CASH_ODDS-main/backend/vendor/laravel/framework/src/Illuminate/Database/DatabaseManager.php(101): Illuminate\\Database\\DatabaseManager->makeConnection()
#14 /home/beast/Desktop/CASH_ODDS-main/backend/vendor/laravel/framework/src/Illuminate/Database/Eloquent/Model.php(1820): Illuminate\\Database\\DatabaseManager->connection()
#15 /home/beast/Desktop/CASH_ODDS-main/backend/vendor/laravel/framework/src/Illuminate/Database/Eloquent/Model.php(1786): Illuminate\\Database\\Eloquent\\Model::resolveConnection()
#16 /home/beast/Desktop/CASH_ODDS-main/backend/vendor/laravel/framework/src/Illuminate/Database/Eloquent/Model.php(1577): Illuminate\\Database\\Eloquent\\Model->getConnection()
#17 /home/beast/Desktop/CASH_ODDS-main/backend/vendor/laravel/framework/src/Illuminate/Database/Eloquent/Model.php(1496): Illuminate\\Database\\Eloquent\\Model->newBaseQueryBuilder()
#18 /home/beast/Desktop/CASH_ODDS-main/backend/vendor/laravel/framework/src/Illuminate/Database/Eloquent/Model.php(1532): Illuminate\\Database\\Eloquent\\Model->newModelQuery()
#19 /home/beast/Desktop/CASH_ODDS-main/backend/vendor/laravel/framework/src/Illuminate/Database/Eloquent/Model.php(1485): Illuminate\\Database\\Eloquent\\Model->newQueryWithoutScopes()
#20 /home/beast/Desktop/CASH_ODDS-main/backend/vendor/laravel/framework/src/Illuminate/Database/Eloquent/Model.php(2335): Illuminate\\Database\\Eloquent\\Model->newQuery()
#21 /home/beast/Desktop/CASH_ODDS-main/backend/vendor/laravel/framework/src/Illuminate/Database/Eloquent/Model.php(2347): Illuminate\\Database\\Eloquent\\Model->__call()
#22 /home/beast/Desktop/CASH_ODDS-main/backend/app/Http/Controllers/Api/SubscriptionController.php(15): Illuminate\\Database\\Eloquent\\Model::__callStatic()
#23 /home/beast/Desktop/CASH_ODDS-main/backend/vendor/laravel/framework/src/Illuminate/Routing/ControllerDispatcher.php(46): App\\Http\\Controllers\\Api\\SubscriptionController->plans()
#24 /home/beast/Desktop/CASH_ODDS-main/backend/vendor/laravel/framework/src/Illuminate/Routing/Route.php(259): Illuminate\\Routing\\ControllerDispatcher->dispatch()
#25 /home/beast/Desktop/CASH_ODDS-main/backend/vendor/laravel/framework/src/Illuminate/Routing/Route.php(205): Illuminate\\Routing\\Route->runController()
#26 /home/beast/Desktop/CASH_ODDS-main/backend/vendor/laravel/framework/src/Illuminate/Routing/Router.php(806): Illuminate\\Routing\\Route->run()
#27 /home/beast/Desktop/CASH_ODDS-main/backend/vendor/laravel/framework/src/Illuminate/Pipeline/Pipeline.php(144): Illuminate\\Routing\\Router->{closure:Illuminate\\Routing\\Router::runRouteWithinStack():805}()
#28 /home/beast/Desktop/CASH_ODDS-main/backend/vendor/laravel/framework/src/Illuminate/Routing/Middleware/SubstituteBindings.php(50): Illuminate\\Pipeline\\Pipeline->{closure:Illuminate\\Pipeline\\Pipeline::prepareDestination():142}()
#29 /home/beast/Desktop/CASH_ODDS-main/backend/vendor/laravel/framework/src/Illuminate/Pipeline/Pipeline.php(183): Illuminate\\Routing\\Middleware\\SubstituteBindings->handle()
#30 /home/beast/Desktop/CASH_ODDS-main/backend/vendor/laravel/framework/src/Illuminate/Routing/Middleware/ThrottleRequests.php(159): Illuminate\\Pipeline\\Pipeline->{closure:{closure:Illuminate\\Pipeline\\Pipeline::carry():158}:159}()
#31 /home/beast/Desktop/CASH_ODDS-main/backend/vendor/laravel/framework/src/Illuminate/Routing/Middleware/ThrottleRequests.php(125): Illuminate\\Routing\\Middleware\\ThrottleRequests->handleRequest()
#32 /home/beast/Desktop/CASH_ODDS-main/backend/vendor/laravel/framework/src/Illuminate/Routing/Middleware/ThrottleRequests.php(87): Illuminate\\Routing\\Middleware\\ThrottleRequests->handleRequestUsingNamedLimiter()
#33 /home/beast/Desktop/CASH_ODDS-main/backend/vendor/laravel/framework/src/Illuminate/Pipeline/Pipeline.php(183): Illuminate\\Routing\\Middleware\\ThrottleRequests->handle()
#34 /home/beast/Desktop/CASH_ODDS-main/backend/vendor/laravel/sanctum/src/Http/Middleware/EnsureFrontendRequestsAreStateful.php(25): Illuminate\\Pipeline\\Pipeline->{closure:{closure:Illuminate\\Pipeline\\Pipeline::carry():158}:159}()
#35 /home/beast/Desktop/CASH_ODDS-main/backend/vendor/laravel/framework/src/Illuminate/Pipeline/Pipeline.php(144): Laravel\\Sanctum\\Http\\Middleware\\EnsureFrontendRequestsAreStateful->{closure:Laravel\\Sanctum\\Http\\Middleware\\EnsureFrontendRequestsAreStateful::handle():24}()
#36 /home/beast/Desktop/CASH_ODDS-main/backend/vendor/laravel/framework/src/Illuminate/Pipeline/Pipeline.php(119): Illuminate\\Pipeline\\Pipeline->{closure:Illuminate\\Pipeline\\Pipeline::prepareDestination():142}()
#37 /home/beast/Desktop/CASH_ODDS-main/backend/vendor/laravel/sanctum/src/Http/Middleware/EnsureFrontendRequestsAreStateful.php(24): Illuminate\\Pipeline\\Pipeline->then()
#38 /home/beast/Desktop/CASH_ODDS-main/backend/vendor/laravel/framework/src/Illuminate/Pipeline/Pipeline.php(183): Laravel\\Sanctum\\Http\\Middleware\\EnsureFrontendRequestsAreStateful->handle()
#39 /home/beast/Desktop/CASH_ODDS-main/backend/vendor/laravel/framework/src/Illuminate/Pipeline/Pipeline.php(119): Illuminate\\Pipeline\\Pipeline->{closure:{closure:Illuminate\\Pipeline\\Pipeline::carry():158}:159}()
#40 /home/beast/Desktop/CASH_ODDS-main/backend/vendor/laravel/framework/src/Illuminate/Routing/Router.php(805): Illuminate\\Pipeline\\Pipeline->then()
#41 /home/beast/Desktop/CASH_ODDS-main/backend/vendor/laravel/framework/src/Illuminate/Routing/Router.php(784): Illuminate\\Routing\\Router->runRouteWithinStack()
#42 /home/beast/Desktop/CASH_ODDS-main/backend/vendor/laravel/framework/src/Illuminate/Routing/Router.php(748): Illuminate\\Routing\\Router->runRoute()
#43 /home/beast/Desktop/CASH_ODDS-main/backend/vendor/laravel/framework/src/Illuminate/Routing/Router.php(737): Illuminate\\Routing\\Router->dispatchToRoute()
#44 /home/beast/Desktop/CASH_ODDS-main/backend/vendor/laravel/framework/src/Illuminate/Foundation/Http/Kernel.php(200): Illuminate\\Routing\\Router->dispatch()
#45 /home/beast/Desktop/CASH_ODDS-main/backend/vendor/laravel/framework/src/Illuminate/Pipeline/Pipeline.php(144): Illuminate\\Foundation\\Http\\Kernel->{closure:Illuminate\\Foundation\\Http\\Kernel::dispatchToRouter():197}()
#46 /home/beast/Desktop/CASH_ODDS-main/backend/vendor/laravel/framework/src/Illuminate/Foundation/Http/Middleware/TransformsRequest.php(21): Illuminate\\Pipeline\\Pipeline->{closure:Illuminate\\Pipeline\\Pipeline::prepareDestination():142}()
#47 /home/beast/Desktop/CASH_ODDS-main/backend/vendor/laravel/framework/src/Illuminate/Foundation/Http/Middleware/ConvertEmptyStringsToNull.php(31): Illuminate\\Foundation\\Http\\Middleware\\TransformsRequest->handle()
#48 /home/beast/Desktop/CASH_ODDS-main/backend/vendor/laravel/framework/src/Illuminate/Pipeline/Pipeline.php(183): Illuminate\\Foundation\\Http\\Middleware\\ConvertEmptyStringsToNull->handle()
#49 /home/beast/Desktop/CASH_ODDS-main/backend/vendor/laravel/framework/src/Illuminate/Foundation/Http/Middleware/TransformsRequest.php(21): Illuminate\\Pipeline\\Pipeline->{closure:{closure:Illuminate\\Pipeline\\Pipeline::carry():158}:159}()
#50 /home/beast/Desktop/CASH_ODDS-main/backend/vendor/laravel/framework/src/Illuminate/Foundation/Http/Middleware/TrimStrings.php(40): Illuminate\\Foundation\\Http\\Middleware\\TransformsRequest->handle()
#51 /home/beast/Desktop/CASH_ODDS-main/backend/vendor/laravel/framework/src/Illuminate/Pipeline/Pipeline.php(183): Illuminate\\Foundation\\Http\\Middleware\\TrimStrings->handle()
#52 /home/beast/Desktop/CASH_ODDS-main/backend/vendor/laravel/framework/src/Illuminate/Foundation/Http/Middleware/ValidatePostSize.php(27): Illuminate\\Pipeline\\Pipeline->{closure:{closure:Illuminate\\Pipeline\\Pipeline::carry():158}:159}()
#53 /home/beast/Desktop/CASH_ODDS-main/backend/vendor/laravel/framework/src/Illuminate/Pipeline/Pipeline.php(183): Illuminate\\Foundation\\Http\\Middleware\\ValidatePostSize->handle()
#54 /home/beast/Desktop/CASH_ODDS-main/backend/vendor/laravel/framework/src/Illuminate/Foundation/Http/Middleware/PreventRequestsDuringMaintenance.php(99): Illuminate\\Pipeline\\Pipeline->{closure:{closure:Illuminate\\Pipeline\\Pipeline::carry():158}:159}()
#55 /home/beast/Desktop/CASH_ODDS-main/backend/vendor/laravel/framework/src/Illuminate/Pipeline/Pipeline.php(183): Illuminate\\Foundation\\Http\\Middleware\\PreventRequestsDuringMaintenance->handle()
#56 /home/beast/Desktop/CASH_ODDS-main/backend/vendor/laravel/framework/src/Illuminate/Http/Middleware/HandleCors.php(62): Illuminate\\Pipeline\\Pipeline->{closure:{closure:Illuminate\\Pipeline\\Pipeline::carry():158}:159}()
#57 /home/beast/Desktop/CASH_ODDS-main/backend/vendor/laravel/framework/src/Illuminate/Pipeline/Pipeline.php(183): Illuminate\\Http\\Middleware\\HandleCors->handle()
#58 /home/beast/Desktop/CASH_ODDS-main/backend/vendor/laravel/framework/src/Illuminate/Http/Middleware/TrustProxies.php(39): Illuminate\\Pipeline\\Pipeline->{closure:{closure:Illuminate\\Pipeline\\Pipeline::carry():158}:159}()
#59 /home/beast/Desktop/CASH_ODDS-main/backend/vendor/laravel/framework/src/Illuminate/Pipeline/Pipeline.php(183): Illuminate\\Http\\Middleware\\TrustProxies->handle()
#60 /home/beast/Desktop/CASH_ODDS-main/backend/vendor/laravel/framework/src/Illuminate/Http/Middleware/TrustHosts.php(48): Illuminate\\Pipeline\\Pipeline->{closure:{closure:Illuminate\\Pipeline\\Pipeline::carry():158}:159}()
#61 /home/beast/Desktop/CASH_ODDS-main/backend/vendor/laravel/framework/src/Illuminate/Pipeline/Pipeline.php(183): Illuminate\\Http\\Middleware\\TrustHosts->handle()
#62 /home/beast/Desktop/CASH_ODDS-main/backend/vendor/laravel/framework/src/Illuminate/Pipeline/Pipeline.php(119): Illuminate\\Pipeline\\Pipeline->{closure:{closure:Illuminate\\Pipeline\\Pipeline::carry():158}:159}()
#63 /home/beast/Desktop/CASH_ODDS-main/backend/vendor/laravel/framework/src/Illuminate/Foundation/Http/Kernel.php(175): Illuminate\\Pipeline\\Pipeline->then()
#64 /home/beast/Desktop/CASH_ODDS-main/backend/vendor/laravel/framework/src/Illuminate/Foundation/Http/Kernel.php(144): Illuminate\\Foundation\\Http\\Kernel->sendRequestThroughRouter()
#65 /home/beast/Desktop/CASH_ODDS-main/backend/public/index.php(36): Illuminate\\Foundation\\Http\\Kernel->handle()
#66 /home/beast/Desktop/CASH_ODDS-main/backend/vendor/laravel/framework/src/Illuminate/Foundation/resources/server.php(16): require_once('...')
#67 {main}
"} 
[2026-04-08 11:34:35] laravel.EMERGENCY: Unable to create configured logger. Using emergency logger. {"exception":"[object] (InvalidArgumentException(code: 0): Log [] is not defined. at /home/beast/Desktop/CASH_ODDS-main/backend/vendor/laravel/framework/src/Illuminate/Log/LogManager.php:212)
[stacktrace]
#0 /home/beast/Desktop/CASH_ODDS-main/backend/vendor/laravel/framework/src/Illuminate/Log/LogManager.php(137): Illuminate\\Log\\LogManager->resolve()
#1 /home/beast/Desktop/CASH_ODDS-main/backend/vendor/laravel/framework/src/Illuminate/Log/LogManager.php(124): Illuminate\\Log\\LogManager->get()
#2 /home/beast/Desktop/CASH_ODDS-main/backend/vendor/laravel/framework/src/Illuminate/Log/LogManager.php(681): Illuminate\\Log\\LogManager->driver()
#3 /home/beast/Desktop/CASH_ODDS-main/backend/vendor/laravel/framework/src/Illuminate/Foundation/Exceptions/Handler.php(317): Illuminate\\Log\\LogManager->error()
#4 /home/beast/Desktop/CASH_ODDS-main/backend/vendor/laravel/framework/src/Illuminate/Foundation/Exceptions/Handler.php(278): Illuminate\\Foundation\\Exceptions\\Handler->reportThrowable()
#5 /home/beast/Desktop/CASH_ODDS-main/backend/vendor/laravel/framework/src/Illuminate/Routing/Pipeline.php(49): Illuminate\\Foundation\\Exceptions\\Handler->report()
#6 /home/beast/Desktop/CASH_ODDS-main/backend/vendor/laravel/framework/src/Illuminate/Pipeline/Pipeline.php(146): Illuminate\\Routing\\Pipeline->handleException()
#7 /home/beast/Desktop/CASH_ODDS-main/backend/vendor/laravel/framework/src/Illuminate/Routing/Middleware/SubstituteBindings.php(50): Illuminate\\Pipeline\\Pipeline->{closure:Illuminate\\Pipeline\\Pipeline::prepareDestination():142}()
#8 /home/beast/Desktop/CASH_ODDS-main/backend/vendor/laravel/framework/src/Illuminate/Pipeline/Pipeline.php(183): Illuminate\\Routing\\Middleware\\SubstituteBindings->handle()
#9 /home/beast/Desktop/CASH_ODDS-main/backend/vendor/laravel/framework/src/Illuminate/Routing/Middleware/ThrottleRequests.php(159): Illuminate\\Pipeline\\Pipeline->{closure:{closure:Illuminate\\Pipeline\\Pipeline::carry():158}:159}()
#10 /home/beast/Desktop/CASH_ODDS-main/backend/vendor/laravel/framework/src/Illuminate/Routing/Middleware/ThrottleRequests.php(125): Illuminate\\Routing\\Middleware\\ThrottleRequests->handleRequest()
#11 /home/beast/Desktop/CASH_ODDS-main/backend/vendor/laravel/framework/src/Illuminate/Routing/Middleware/ThrottleRequests.php(87): Illuminate\\Routing\\Middleware\\ThrottleRequests->handleRequestUsingNamedLimiter()
#12 /home/beast/Desktop/CASH_ODDS-main/backend/vendor/laravel/framework/src/Illuminate/Pipeline/Pipeline.php(183): Illuminate\\Routing\\Middleware\\ThrottleRequests->handle()
#13 /home/beast/Desktop/CASH_ODDS-main/backend/vendor/laravel/sanctum/src/Http/Middleware/EnsureFrontendRequestsAreStateful.php(25): Illuminate\\Pipeline\\Pipeline->{closure:{closure:Illuminate\\Pipeline\\Pipeline::carry():158}:159}()
#14 /home/beast/Desktop/CASH_ODDS-main/backend/vendor/laravel/framework/src/Illuminate/Pipeline/Pipeline.php(144): Laravel\\Sanctum\\Http\\Middleware\\EnsureFrontendRequestsAreStateful->{closure:Laravel\\Sanctum\\Http\\Middleware\\EnsureFrontendRequestsAreStateful::handle():24}()
#15 /home/beast/Desktop/CASH_ODDS-main/backend/vendor/laravel/framework/src/Illuminate/Pipeline/Pipeline.php(119): Illuminate\\Pipeline\\Pipeline->{closure:Illuminate\\Pipeline\\Pipeline::prepareDestination():142}()
#16 /home/beast/Desktop/CASH_ODDS-main/backend/vendor/laravel/sanctum/src/Http/Middleware/EnsureFrontendRequestsAreStateful.php(24): Illuminate\\Pipeline\\Pipeline->then()
#17 /home/beast/Desktop/CASH_ODDS-main/backend/vendor/laravel/framework/src/Illuminate/Pipeline/Pipeline.php(183): Laravel\\Sanctum\\Http\\Middleware\\EnsureFrontendRequestsAreStateful->handle()
#18 /home/beast/Desktop/CASH_ODDS-main/backend/vendor/laravel/framework/src/Illuminate/Pipeline/Pipeline.php(119): Illuminate\\Pipeline\\Pipeline->{closure:{closure:Illuminate\\Pipeline\\Pipeline::carry():158}:159}()
#19 /home/beast/Desktop/CASH_ODDS-main/backend/vendor/laravel/framework/src/Illuminate/Routing/Router.php(805): Illuminate\\Pipeline\\Pipeline->then()
#20 /home/beast/Desktop/CASH_ODDS-main/backend/vendor/laravel/framework/src/Illuminate/Routing/Router.php(784): Illuminate\\Routing\\Router->runRouteWithinStack()
#21 /home/beast/Desktop/CASH_ODDS-main/backend/vendor/laravel/framework/src/Illuminate/Routing/Router.php(748): Illuminate\\Routing\\Router->runRoute()
#22 /home/beast/Desktop/CASH_ODDS-main/backend/vendor/laravel/framework/src/Illuminate/Routing/Router.php(737): Illuminate\\Routing\\Router->dispatchToRoute()
#23 /home/beast/Desktop/CASH_ODDS-main/backend/vendor/laravel/framework/src/Illuminate/Foundation/Http/Kernel.php(200): Illuminate\\Routing\\Router->dispatch()
#24 /home/beast/Desktop/CASH_ODDS-main/backend/vendor/laravel/framework/src/Illuminate/Pipeline/Pipeline.php(144): Illuminate\\Foundation\\Http\\Kernel->{closure:Illuminate\\Foundation\\Http\\Kernel::dispatchToRouter():197}()
#25 /home/beast/Desktop/CASH_ODDS-main/backend/vendor/laravel/framework/src/Illuminate/Foundation/Http/Middleware/TransformsRequest.php(21): Illuminate\\Pipeline\\Pipeline->{closure:Illuminate\\Pipeline\\Pipeline::prepareDestination():142}()
#26 /home/beast/Desktop/CASH_ODDS-main/backend/vendor/laravel/framework/src/Illuminate/Foundation/Http/Middleware/ConvertEmptyStringsToNull.php(31): Illuminate\\Foundation\\Http\\Middleware\\TransformsRequest->handle()
#27 /home/beast/Desktop/CASH_ODDS-main/backend/vendor/laravel/framework/src/Illuminate/Pipeline/Pipeline.php(183): Illuminate\\Foundation\\Http\\Middleware\\ConvertEmptyStringsToNull->handle()
#28 /home/beast/Desktop/CASH_ODDS-main/backend/vendor/laravel/framework/src/Illuminate/Foundation/Http/Middleware/TransformsRequest.php(21): Illuminate\\Pipeline\\Pipeline->{closure:{closure:Illuminate\\Pipeline\\Pipeline::carry():158}:159}()
#29 /home/beast/Desktop/CASH_ODDS-main/backend/vendor/laravel/framework/src/Illuminate/Foundation/Http/Middleware/TrimStrings.php(40): Illuminate\\Foundation\\Http\\Middleware\\TransformsRequest->handle()
#30 /home/beast/Desktop/CASH_ODDS-main/backend/vendor/laravel/framework/src/Illuminate/Pipeline/Pipeline.php(183): Illuminate\\Foundation\\Http\\Middleware\\TrimStrings->handle()
#31 /home/beast/Desktop/CASH_ODDS-main/backend/vendor/laravel/framework/src/Illuminate/Foundation/Http/Middleware/ValidatePostSize.php(27): Illuminate\\Pipeline\\Pipeline->{closure:{closure:Illuminate\\Pipeline\\Pipeline::carry():158}:159}()
#32 /home/beast/Desktop/CASH_ODDS-main/backend/vendor/laravel/framework/src/Illuminate/Pipeline/Pipeline.php(183): Illuminate\\Foundation\\Http\\Middleware\\ValidatePostSize->handle()
#33 /home/beast/Desktop/CASH_ODDS-main/backend/vendor/laravel/framework/src/Illuminate/Foundation/Http/Middleware/PreventRequestsDuringMaintenance.php(99): Illuminate\\Pipeline\\Pipeline->{closure:{closure:Illuminate\\Pipeline\\Pipeline::carry():158}:159}()
#34 /home/beast/Desktop/CASH_ODDS-main/backend/vendor/laravel/framework/src/Illuminate/Pipeline/Pipeline.php(183): Illuminate\\Foundation\\Http\\Middleware\\PreventRequestsDuringMaintenance->handle()
#35 /home/beast/Desktop/CASH_ODDS-main/backend/vendor/laravel/framework/src/Illuminate/Http/Middleware/HandleCors.php(62): Illuminate\\Pipeline\\Pipeline->{closure:{closure:Illuminate\\Pipeline\\Pipeline::carry():158}:159}()
#36 /home/beast/Desktop/CASH_ODDS-main/backend/vendor/laravel/framework/src/Illuminate/Pipeline/Pipeline.php(183): Illuminate\\Http\\Middleware\\HandleCors->handle()
#37 /home/beast/Desktop/CASH_ODDS-main/backend/vendor/laravel/framework/src/Illuminate/Http/Middleware/TrustProxies.php(39): Illuminate\\Pipeline\\Pipeline->{closure:{closure:Illuminate\\Pipeline\\Pipeline::carry():158}:159}()
#38 /home/beast/Desktop/CASH_ODDS-main/backend/vendor/laravel/framework/src/Illuminate/Pipeline/Pipeline.php(183): Illuminate\\Http\\Middleware\\TrustProxies->handle()
#39 /home/beast/Desktop/CASH_ODDS-main/backend/vendor/laravel/framework/src/Illuminate/Http/Middleware/TrustHosts.php(48): Illuminate\\Pipeline\\Pipeline->{closure:{closure:Illuminate\\Pipeline\\Pipeline::carry():158}:159}()
#40 /home/beast/Desktop/CASH_ODDS-main/backend/vendor/laravel/framework/src/Illuminate/Pipeline/Pipeline.php(183): Illuminate\\Http\\Middleware\\TrustHosts->handle()
#41 /home/beast/Desktop/CASH_ODDS-main/backend/vendor/laravel/framework/src/Illuminate/Pipeline/Pipeline.php(119): Illuminate\\Pipeline\\Pipeline->{closure:{closure:Illuminate\\Pipeline\\Pipeline::carry():158}:159}()
#42 /home/beast/Desktop/CASH_ODDS-main/backend/vendor/laravel/framework/src/Illuminate/Foundation/Http/Kernel.php(175): Illuminate\\Pipeline\\Pipeline->then()
#43 /home/beast/Desktop/CASH_ODDS-main/backend/vendor/laravel/framework/src/Illuminate/Foundation/Http/Kernel.php(144): Illuminate\\Foundation\\Http\\Kernel->sendRequestThroughRouter()
#44 /home/beast/Desktop/CASH_ODDS-main/backend/public/index.php(36): Illuminate\\Foundation\\Http\\Kernel->handle()
#45 /home/beast/Desktop/CASH_ODDS-main/backend/vendor/laravel/framework/src/Illuminate/Foundation/resources/server.php(16): require_once('...')
#46 {main}
"} 
[2026-04-08 11:34:35] laravel.ERROR: Database file at path [database/database.sqlite] does not exist. Ensure this is an absolute path to the database. (Connection: sqlite, SQL: PRAGMA foreign_keys = ON;) {"exception":"[object] (Illuminate\\Database\\QueryException(code: 0): Database file at path [database/database.sqlite] does not exist. Ensure this is an absolute path to the database. (Connection: sqlite, SQL: PRAGMA foreign_keys = ON;) at /home/beast/Desktop/CASH_ODDS-main/backend/vendor/laravel/framework/src/Illuminate/Database/Connection.php:829)
[stacktrace]
#0 /home/beast/Desktop/CASH_ODDS-main/backend/vendor/laravel/framework/src/Illuminate/Database/Connection.php(783): Illuminate\\Database\\Connection->runQueryCallback()
#1 /home/beast/Desktop/CASH_ODDS-main/backend/vendor/laravel/framework/src/Illuminate/Database/Connection.php(576): Illuminate\\Database\\Connection->run()
#2 /home/beast/Desktop/CASH_ODDS-main/backend/vendor/laravel/framework/src/Illuminate/Database/Schema/Builder.php(560): Illuminate\\Database\\Connection->statement()
#3 /home/beast/Desktop/CASH_ODDS-main/backend/vendor/laravel/framework/src/Illuminate/Database/SQLiteConnection.php(36): Illuminate\\Database\\Schema\\Builder->enableForeignKeyConstraints()
#4 /home/beast/Desktop/CASH_ODDS-main/backend/vendor/laravel/framework/src/Illuminate/Database/Connectors/ConnectionFactory.php(272): Illuminate\\Database\\SQLiteConnection->__construct()
#5 /home/beast/Desktop/CASH_ODDS-main/backend/vendor/laravel/framework/src/Illuminate/Database/Connectors/ConnectionFactory.php(75): Illuminate\\Database\\Connectors\\ConnectionFactory->createConnection()
#6 /home/beast/Desktop/CASH_ODDS-main/backend/vendor/laravel/framework/src/Illuminate/Database/Connectors/ConnectionFactory.php(50): Illuminate\\Database\\Connectors\\ConnectionFactory->createSingleConnection()
#7 /home/beast/Desktop/CASH_ODDS-main/backend/vendor/laravel/framework/src/Illuminate/Database/DatabaseManager.php(175): Illuminate\\Database\\Connectors\\ConnectionFactory->make()
#8 /home/beast/Desktop/CASH_ODDS-main/backend/vendor/laravel/framework/src/Illuminate/Database/DatabaseManager.php(101): Illuminate\\Database\\DatabaseManager->makeConnection()
#9 /home/beast/Desktop/CASH_ODDS-main/backend/vendor/laravel/framework/src/Illuminate/Database/Eloquent/Model.php(1820): Illuminate\\Database\\DatabaseManager->connection()
#10 /home/beast/Desktop/CASH_ODDS-main/backend/vendor/laravel/framework/src/Illuminate/Database/Eloquent/Model.php(1786): Illuminate\\Database\\Eloquent\\Model::resolveConnection()
#11 /home/beast/Desktop/CASH_ODDS-main/backend/vendor/laravel/framework/src/Illuminate/Database/Eloquent/Model.php(1577): Illuminate\\Database\\Eloquent\\Model->getConnection()
#12 /home/beast/Desktop/CASH_ODDS-main/backend/vendor/laravel/framework/src/Illuminate/Database/Eloquent/Model.php(1496): Illuminate\\Database\\Eloquent\\Model->newBaseQueryBuilder()
#13 /home/beast/Desktop/CASH_ODDS-main/backend/vendor/laravel/framework/src/Illuminate/Database/Eloquent/Model.php(1532): Illuminate\\Database\\Eloquent\\Model->newModelQuery()
#14 /home/beast/Desktop/CASH_ODDS-main/backend/vendor/laravel/framework/src/Illuminate/Database/Eloquent/Model.php(1485): Illuminate\\Database\\Eloquent\\Model->newQueryWithoutScopes()
#15 /home/beast/Desktop/CASH_ODDS-main/backend/vendor/laravel/framework/src/Illuminate/Database/Eloquent/Model.php(2335): Illuminate\\Database\\Eloquent\\Model->newQuery()
#16 /home/beast/Desktop/CASH_ODDS-main/backend/vendor/laravel/framework/src/Illuminate/Database/Eloquent/Model.php(2347): Illuminate\\Database\\Eloquent\\Model->__call()
#17 /home/beast/Desktop/CASH_ODDS-main/backend/app/Http/Controllers/Api/SubscriptionController.php(15): Illuminate\\Database\\Eloquent\\Model::__callStatic()
#18 /home/beast/Desktop/CASH_ODDS-main/backend/vendor/laravel/framework/src/Illuminate/Routing/ControllerDispatcher.php(46): App\\Http\\Controllers\\Api\\SubscriptionController->plans()
#19 /home/beast/Desktop/CASH_ODDS-main/backend/vendor/laravel/framework/src/Illuminate/Routing/Route.php(259): Illuminate\\Routing\\ControllerDispatcher->dispatch()
#20 /home/beast/Desktop/CASH_ODDS-main/backend/vendor/laravel/framework/src/Illuminate/Routing/Route.php(205): Illuminate\\Routing\\Route->runController()
#21 /home/beast/Desktop/CASH_ODDS-main/backend/vendor/laravel/framework/src/Illuminate/Routing/Router.php(806): Illuminate\\Routing\\Route->run()
#22 /home/beast/Desktop/CASH_ODDS-main/backend/vendor/laravel/framework/src/Illuminate/Pipeline/Pipeline.php(144): Illuminate\\Routing\\Router->{closure:Illuminate\\Routing\\Router::runRouteWithinStack():805}()
#23 /home/beast/Desktop/CASH_ODDS-main/backend/vendor/laravel/framework/src/Illuminate/Routing/Middleware/SubstituteBindings.php(50): Illuminate\\Pipeline\\Pipeline->{closure:Illuminate\\Pipeline\\Pipeline::prepareDestination():142}()
#24 /home/beast/Desktop/CASH_ODDS-main/backend/vendor/laravel/framework/src/Illuminate/Pipeline/Pipeline.php(183): Illuminate\\Routing\\Middleware\\SubstituteBindings->handle()
#25 /home/beast/Desktop/CASH_ODDS-main/backend/vendor/laravel/framework/src/Illuminate/Routing/Middleware/ThrottleRequests.php(159): Illuminate\\Pipeline\\Pipeline->{closure:{closure:Illuminate\\Pipeline\\Pipeline::carry():158}:159}()
#26 /home/beast/Desktop/CASH_ODDS-main/backend/vendor/laravel/framework/src/Illuminate/Routing/Middleware/ThrottleRequests.php(125): Illuminate\\Routing\\Middleware\\ThrottleRequests->handleRequest()
#27 /home/beast/Desktop/CASH_ODDS-main/backend/vendor/laravel/framework/src/Illuminate/Routing/Middleware/ThrottleRequests.php(87): Illuminate\\Routing\\Middleware\\ThrottleRequests->handleRequestUsingNamedLimiter()
#28 /home/beast/Desktop/CASH_ODDS-main/backend/vendor/laravel/framework/src/Illuminate/Pipeline/Pipeline.php(183): Illuminate\\Routing\\Middleware\\ThrottleRequests->handle()
#29 /home/beast/Desktop/CASH_ODDS-main/backend/vendor/laravel/sanctum/src/Http/Middleware/EnsureFrontendRequestsAreStateful.php(25): Illuminate\\Pipeline\\Pipeline->{closure:{closure:Illuminate\\Pipeline\\Pipeline::carry():158}:159}()
#30 /home/beast/Desktop/CASH_ODDS-main/backend/vendor/laravel/framework/src/Illuminate/Pipeline/Pipeline.php(144): Laravel\\Sanctum\\Http\\Middleware\\EnsureFrontendRequestsAreStateful->{closure:Laravel\\Sanctum\\Http\\Middleware\\EnsureFrontendRequestsAreStateful::handle():24}()
#31 /home/beast/Desktop/CASH_ODDS-main/backend/vendor/laravel/framework/src/Illuminate/Pipeline/Pipeline.php(119): Illuminate\\Pipeline\\Pipeline->{closure:Illuminate\\Pipeline\\Pipeline::prepareDestination():142}()
#32 /home/beast/Desktop/CASH_ODDS-main/backend/vendor/laravel/sanctum/src/Http/Middleware/EnsureFrontendRequestsAreStateful.php(24): Illuminate\\Pipeline\\Pipeline->then()
#33 /home/beast/Desktop/CASH_ODDS-main/backend/vendor/laravel/framework/src/Illuminate/Pipeline/Pipeline.php(183): Laravel\\Sanctum\\Http\\Middleware\\EnsureFrontendRequestsAreStateful->handle()
#34 /home/beast/Desktop/CASH_ODDS-main/backend/vendor/laravel/framework/src/Illuminate/Pipeline/Pipeline.php(119): Illuminate\\Pipeline\\Pipeline->{closure:{closure:Illuminate\\Pipeline\\Pipeline::carry():158}:159}()
#35 /home/beast/Desktop/CASH_ODDS-main/backend/vendor/laravel/framework/src/Illuminate/Routing/Router.php(805): Illuminate\\Pipeline\\Pipeline->then()
#36 /home/beast/Desktop/CASH_ODDS-main/backend/vendor/laravel/framework/src/Illuminate/Routing/Router.php(784): Illuminate\\Routing\\Router->runRouteWithinStack()
#37 /home/beast/Desktop/CASH_ODDS-main/backend/vendor/laravel/framework/src/Illuminate/Routing/Router.php(748): Illuminate\\Routing\\Router->runRoute()
#38 /home/beast/Desktop/CASH_ODDS-main/backend/vendor/laravel/framework/src/Illuminate/Routing/Router.php(737): Illuminate\\Routing\\Router->dispatchToRoute()
#39 /home/beast/Desktop/CASH_ODDS-main/backend/vendor/laravel/framework/src/Illuminate/Foundation/Http/Kernel.php(200): Illuminate\\Routing\\Router->dispatch()
#40 /home/beast/Desktop/CASH_ODDS-main/backend/vendor/laravel/framework/src/Illuminate/Pipeline/Pipeline.php(144): Illuminate\\Foundation\\Http\\Kernel->{closure:Illuminate\\Foundation\\Http\\Kernel::dispatchToRouter():197}()
#41 /home/beast/Desktop/CASH_ODDS-main/backend/vendor/laravel/framework/src/Illuminate/Foundation/Http/Middleware/TransformsRequest.php(21): Illuminate\\Pipeline\\Pipeline->{closure:Illuminate\\Pipeline\\Pipeline::prepareDestination():142}()
#42 /home/beast/Desktop/CASH_ODDS-main/backend/vendor/laravel/framework/src/Illuminate/Foundation/Http/Middleware/ConvertEmptyStringsToNull.php(31): Illuminate\\Foundation\\Http\\Middleware\\TransformsRequest->handle()
#43 /home/beast/Desktop/CASH_ODDS-main/backend/vendor/laravel/framework/src/Illuminate/Pipeline/Pipeline.php(183): Illuminate\\Foundation\\Http\\Middleware\\ConvertEmptyStringsToNull->handle()
#44 /home/beast/Desktop/CASH_ODDS-main/backend/vendor/laravel/framework/src/Illuminate/Foundation/Http/Middleware/TransformsRequest.php(21): Illuminate\\Pipeline\\Pipeline->{closure:{closure:Illuminate\\Pipeline\\Pipeline::carry():158}:159}()
#45 /home/beast/Desktop/CASH_ODDS-main/backend/vendor/laravel/framework/src/Illuminate/Foundation/Http/Middleware/TrimStrings.php(40): Illuminate\\Foundation\\Http\\Middleware\\TransformsRequest->handle()
#46 /home/beast/Desktop/CASH_ODDS-main/backend/vendor/laravel/framework/src/Illuminate/Pipeline/Pipeline.php(183): Illuminate\\Foundation\\Http\\Middleware\\TrimStrings->handle()
#47 /home/beast/Desktop/CASH_ODDS-main/backend/vendor/laravel/framework/src/Illuminate/Foundation/Http/Middleware/ValidatePostSize.php(27): Illuminate\\Pipeline\\Pipeline->{closure:{closure:Illuminate\\Pipeline\\Pipeline::carry():158}:159}()
#48 /home/beast/Desktop/CASH_ODDS-main/backend/vendor/laravel/framework/src/Illuminate/Pipeline/Pipeline.php(183): Illuminate\\Foundation\\Http\\Middleware\\ValidatePostSize->handle()
#49 /home/beast/Desktop/CASH_ODDS-main/backend/vendor/laravel/framework/src/Illuminate/Foundation/Http/Middleware/PreventRequestsDuringMaintenance.php(99): Illuminate\\Pipeline\\Pipeline->{closure:{closure:Illuminate\\Pipeline\\Pipeline::carry():158}:159}()
#50 /home/beast/Desktop/CASH_ODDS-main/backend/vendor/laravel/framework/src/Illuminate/Pipeline/Pipeline.php(183): Illuminate\\Foundation\\Http\\Middleware\\PreventRequestsDuringMaintenance->handle()
#51 /home/beast/Desktop/CASH_ODDS-main/backend/vendor/laravel/framework/src/Illuminate/Http/Middleware/HandleCors.php(62): Illuminate\\Pipeline\\Pipeline->{closure:{closure:Illuminate\\Pipeline\\Pipeline::carry():158}:159}()
#52 /home/beast/Desktop/CASH_ODDS-main/backend/vendor/laravel/framework/src/Illuminate/Pipeline/Pipeline.php(183): Illuminate\\Http\\Middleware\\HandleCors->handle()
#53 /home/beast/Desktop/CASH_ODDS-main/backend/vendor/laravel/framework/src/Illuminate/Http/Middleware/TrustProxies.php(39): Illuminate\\Pipeline\\Pipeline->{closure:{closure:Illuminate\\Pipeline\\Pipeline::carry():158}:159}()
#54 /home/beast/Desktop/CASH_ODDS-main/backend/vendor/laravel/framework/src/Illuminate/Pipeline/Pipeline.php(183): Illuminate\\Http\\Middleware\\TrustProxies->handle()
#55 /home/beast/Desktop/CASH_ODDS-main/backend/vendor/laravel/framework/src/Illuminate/Http/Middleware/TrustHosts.php(48): Illuminate\\Pipeline\\Pipeline->{closure:{closure:Illuminate\\Pipeline\\Pipeline::carry():158}:159}()
#56 /home/beast/Desktop/CASH_ODDS-main/backend/vendor/laravel/framework/src/Illuminate/Pipeline/Pipeline.php(183): Illuminate\\Http\\Middleware\\TrustHosts->handle()
#57 /home/beast/Desktop/CASH_ODDS-main/backend/vendor/laravel/framework/src/Illuminate/Pipeline/Pipeline.php(119): Illuminate\\Pipeline\\Pipeline->{closure:{closure:Illuminate\\Pipeline\\Pipeline::carry():158}:159}()
#58 /home/beast/Desktop/CASH_ODDS-main/backend/vendor/laravel/framework/src/Illuminate/Foundation/Http/Kernel.php(175): Illuminate\\Pipeline\\Pipeline->then()
#59 /home/beast/Desktop/CASH_ODDS-main/backend/vendor/laravel/framework/src/Illuminate/Foundation/Http/Kernel.php(144): Illuminate\\Foundation\\Http\\Kernel->sendRequestThroughRouter()
#60 /home/beast/Desktop/CASH_ODDS-main/backend/public/index.php(36): Illuminate\\Foundation\\Http\\Kernel->handle()
#61 /home/beast/Desktop/CASH_ODDS-main/backend/vendor/laravel/framework/src/Illuminate/Foundation/resources/server.php(16): require_once('...')
#62 {main}

[previous exception] [object] (Illuminate\\Database\\SQLiteDatabaseDoesNotExistException(code: 0): Database file at path [database/database.sqlite] does not exist. Ensure this is an absolute path to the database. at /home/beast/Desktop/CASH_ODDS-main/backend/vendor/laravel/framework/src/Illuminate/Database/Connectors/SQLiteConnector.php:34)
[stacktrace]
#0 /home/beast/Desktop/CASH_ODDS-main/backend/vendor/laravel/framework/src/Illuminate/Database/Connectors/ConnectionFactory.php(221): Illuminate\\Database\\Connectors\\SQLiteConnector->connect()
#1 [internal function]: Illuminate\\Database\\Connectors\\ConnectionFactory->{closure:Illuminate\\Database\\Connectors\\ConnectionFactory::createPdoResolverWithoutHosts():221}()
#2 /home/beast/Desktop/CASH_ODDS-main/backend/vendor/laravel/framework/src/Illuminate/Database/Connection.php(1339): call_user_func()
#3 /home/beast/Desktop/CASH_ODDS-main/backend/vendor/laravel/framework/src/Illuminate/Database/Connection.php(581): Illuminate\\Database\\Connection->getPdo()
#4 /home/beast/Desktop/CASH_ODDS-main/backend/vendor/laravel/framework/src/Illuminate/Database/Connection.php(816): Illuminate\\Database\\Connection->{closure:Illuminate\\Database\\Connection::statement():576}()
#5 /home/beast/Desktop/CASH_ODDS-main/backend/vendor/laravel/framework/src/Illuminate/Database/Connection.php(783): Illuminate\\Database\\Connection->runQueryCallback()
#6 /home/beast/Desktop/CASH_ODDS-main/backend/vendor/laravel/framework/src/Illuminate/Database/Connection.php(576): Illuminate\\Database\\Connection->run()
#7 /home/beast/Desktop/CASH_ODDS-main/backend/vendor/laravel/framework/src/Illuminate/Database/Schema/Builder.php(560): Illuminate\\Database\\Connection->statement()
#8 /home/beast/Desktop/CASH_ODDS-main/backend/vendor/laravel/framework/src/Illuminate/Database/SQLiteConnection.php(36): Illuminate\\Database\\Schema\\Builder->enableForeignKeyConstraints()
#9 /home/beast/Desktop/CASH_ODDS-main/backend/vendor/laravel/framework/src/Illuminate/Database/Connectors/ConnectionFactory.php(272): Illuminate\\Database\\SQLiteConnection->__construct()
#10 /home/beast/Desktop/CASH_ODDS-main/backend/vendor/laravel/framework/src/Illuminate/Database/Connectors/ConnectionFactory.php(75): Illuminate\\Database\\Connectors\\ConnectionFactory->createConnection()
#11 /home/beast/Desktop/CASH_ODDS-main/backend/vendor/laravel/framework/src/Illuminate/Database/Connectors/ConnectionFactory.php(50): Illuminate\\Database\\Connectors\\ConnectionFactory->createSingleConnection()
#12 /home/beast/Desktop/CASH_ODDS-main/backend/vendor/laravel/framework/src/Illuminate/Database/DatabaseManager.php(175): Illuminate\\Database\\Connectors\\ConnectionFactory->make()
#13 /home/beast/Desktop/CASH_ODDS-main/backend/vendor/laravel/framework/src/Illuminate/Database/DatabaseManager.php(101): Illuminate\\Database\\DatabaseManager->makeConnection()
#14 /home/beast/Desktop/CASH_ODDS-main/backend/vendor/laravel/framework/src/Illuminate/Database/Eloquent/Model.php(1820): Illuminate\\Database\\DatabaseManager->connection()
#15 /home/beast/Desktop/CASH_ODDS-main/backend/vendor/laravel/framework/src/Illuminate/Database/Eloquent/Model.php(1786): Illuminate\\Database\\Eloquent\\Model::resolveConnection()
#16 /home/beast/Desktop/CASH_ODDS-main/backend/vendor/laravel/framework/src/Illuminate/Database/Eloquent/Model.php(1577): Illuminate\\Database\\Eloquent\\Model->getConnection()
#17 /home/beast/Desktop/CASH_ODDS-main/backend/vendor/laravel/framework/src/Illuminate/Database/Eloquent/Model.php(1496): Illuminate\\Database\\Eloquent\\Model->newBaseQueryBuilder()
#18 /home/beast/Desktop/CASH_ODDS-main/backend/vendor/laravel/framework/src/Illuminate/Database/Eloquent/Model.php(1532): Illuminate\\Database\\Eloquent\\Model->newModelQuery()
#19 /home/beast/Desktop/CASH_ODDS-main/backend/vendor/laravel/framework/src/Illuminate/Database/Eloquent/Model.php(1485): Illuminate\\Database\\Eloquent\\Model->newQueryWithoutScopes()
#20 /home/beast/Desktop/CASH_ODDS-main/backend/vendor/laravel/framework/src/Illuminate/Database/Eloquent/Model.php(2335): Illuminate\\Database\\Eloquent\\Model->newQuery()
#21 /home/beast/Desktop/CASH_ODDS-main/backend/vendor/laravel/framework/src/Illuminate/Database/Eloquent/Model.php(2347): Illuminate\\Database\\Eloquent\\Model->__call()
#22 /home/beast/Desktop/CASH_ODDS-main/backend/app/Http/Controllers/Api/SubscriptionController.php(15): Illuminate\\Database\\Eloquent\\Model::__callStatic()
#23 /home/beast/Desktop/CASH_ODDS-main/backend/vendor/laravel/framework/src/Illuminate/Routing/ControllerDispatcher.php(46): App\\Http\\Controllers\\Api\\SubscriptionController->plans()
#24 /home/beast/Desktop/CASH_ODDS-main/backend/vendor/laravel/framework/src/Illuminate/Routing/Route.php(259): Illuminate\\Routing\\ControllerDispatcher->dispatch()
#25 /home/beast/Desktop/CASH_ODDS-main/backend/vendor/laravel/framework/src/Illuminate/Routing/Route.php(205): Illuminate\\Routing\\Route->runController()
#26 /home/beast/Desktop/CASH_ODDS-main/backend/vendor/laravel/framework/src/Illuminate/Routing/Router.php(806): Illuminate\\Routing\\Route->run()
#27 /home/beast/Desktop/CASH_ODDS-main/backend/vendor/laravel/framework/src/Illuminate/Pipeline/Pipeline.php(144): Illuminate\\Routing\\Router->{closure:Illuminate\\Routing\\Router::runRouteWithinStack():805}()
#28 /home/beast/Desktop/CASH_ODDS-main/backend/vendor/laravel/framework/src/Illuminate/Routing/Middleware/SubstituteBindings.php(50): Illuminate\\Pipeline\\Pipeline->{closure:Illuminate\\Pipeline\\Pipeline::prepareDestination():142}()
#29 /home/beast/Desktop/CASH_ODDS-main/backend/vendor/laravel/framework/src/Illuminate/Pipeline/Pipeline.php(183): Illuminate\\Routing\\Middleware\\SubstituteBindings->handle()
#30 /home/beast/Desktop/CASH_ODDS-main/backend/vendor/laravel/framework/src/Illuminate/Routing/Middleware/ThrottleRequests.php(159): Illuminate\\Pipeline\\Pipeline->{closure:{closure:Illuminate\\Pipeline\\Pipeline::carry():158}:159}()
#31 /home/beast/Desktop/CASH_ODDS-main/backend/vendor/laravel/framework/src/Illuminate/Routing/Middleware/ThrottleRequests.php(125): Illuminate\\Routing\\Middleware\\ThrottleRequests->handleRequest()
#32 /home/beast/Desktop/CASH_ODDS-main/backend/vendor/laravel/framework/src/Illuminate/Routing/Middleware/ThrottleRequests.php(87): Illuminate\\Routing\\Middleware\\ThrottleRequests->handleRequestUsingNamedLimiter()
#33 /home/beast/Desktop/CASH_ODDS-main/backend/vendor/laravel/framework/src/Illuminate/Pipeline/Pipeline.php(183): Illuminate\\Routing\\Middleware\\ThrottleRequests->handle()
#34 /home/beast/Desktop/CASH_ODDS-main/backend/vendor/laravel/sanctum/src/Http/Middleware/EnsureFrontendRequestsAreStateful.php(25): Illuminate\\Pipeline\\Pipeline->{closure:{closure:Illuminate\\Pipeline\\Pipeline::carry():158}:159}()
#35 /home/beast/Desktop/CASH_ODDS-main/backend/vendor/laravel/framework/src/Illuminate/Pipeline/Pipeline.php(144): Laravel\\Sanctum\\Http\\Middleware\\EnsureFrontendRequestsAreStateful->{closure:Laravel\\Sanctum\\Http\\Middleware\\EnsureFrontendRequestsAreStateful::handle():24}()
#36 /home/beast/Desktop/CASH_ODDS-main/backend/vendor/laravel/framework/src/Illuminate/Pipeline/Pipeline.php(119): Illuminate\\Pipeline\\Pipeline->{closure:Illuminate\\Pipeline\\Pipeline::prepareDestination():142}()
#37 /home/beast/Desktop/CASH_ODDS-main/backend/vendor/laravel/sanctum/src/Http/Middleware/EnsureFrontendRequestsAreStateful.php(24): Illuminate\\Pipeline\\Pipeline->then()
#38 /home/beast/Desktop/CASH_ODDS-main/backend/vendor/laravel/framework/src/Illuminate/Pipeline/Pipeline.php(183): Laravel\\Sanctum\\Http\\Middleware\\EnsureFrontendRequestsAreStateful->handle()
#39 /home/beast/Desktop/CASH_ODDS-main/backend/vendor/laravel/framework/src/Illuminate/Pipeline/Pipeline.php(119): Illuminate\\Pipeline\\Pipeline->{closure:{closure:Illuminate\\Pipeline\\Pipeline::carry():158}:159}()
#40 /home/beast/Desktop/CASH_ODDS-main/backend/vendor/laravel/framework/src/Illuminate/Routing/Router.php(805): Illuminate\\Pipeline\\Pipeline->then()
#41 /home/beast/Desktop/CASH_ODDS-main/backend/vendor/laravel/framework/src/Illuminate/Routing/Router.php(784): Illuminate\\Routing\\Router->runRouteWithinStack()
#42 /home/beast/Desktop/CASH_ODDS-main/backend/vendor/laravel/framework/src/Illuminate/Routing/Router.php(748): Illuminate\\Routing\\Router->runRoute()
#43 /home/beast/Desktop/CASH_ODDS-main/backend/vendor/laravel/framework/src/Illuminate/Routing/Router.php(737): Illuminate\\Routing\\Router->dispatchToRoute()
#44 /home/beast/Desktop/CASH_ODDS-main/backend/vendor/laravel/framework/src/Illuminate/Foundation/Http/Kernel.php(200): Illuminate\\Routing\\Router->dispatch()
#45 /home/beast/Desktop/CASH_ODDS-main/backend/vendor/laravel/framework/src/Illuminate/Pipeline/Pipeline.php(144): Illuminate\\Foundation\\Http\\Kernel->{closure:Illuminate\\Foundation\\Http\\Kernel::dispatchToRouter():197}()
#46 /home/beast/Desktop/CASH_ODDS-main/backend/vendor/laravel/framework/src/Illuminate/Foundation/Http/Middleware/TransformsRequest.php(21): Illuminate\\Pipeline\\Pipeline->{closure:Illuminate\\Pipeline\\Pipeline::prepareDestination():142}()
#47 /home/beast/Desktop/CASH_ODDS-main/backend/vendor/laravel/framework/src/Illuminate/Foundation/Http/Middleware/ConvertEmptyStringsToNull.php(31): Illuminate\\Foundation\\Http\\Middleware\\TransformsRequest->handle()
#48 /home/beast/Desktop/CASH_ODDS-main/backend/vendor/laravel/framework/src/Illuminate/Pipeline/Pipeline.php(183): Illuminate\\Foundation\\Http\\Middleware\\ConvertEmptyStringsToNull->handle()
#49 /home/beast/Desktop/CASH_ODDS-main/backend/vendor/laravel/framework/src/Illuminate/Foundation/Http/Middleware/TransformsRequest.php(21): Illuminate\\Pipeline\\Pipeline->{closure:{closure:Illuminate\\Pipeline\\Pipeline::carry():158}:159}()
#50 /home/beast/Desktop/CASH_ODDS-main/backend/vendor/laravel/framework/src/Illuminate/Foundation/Http/Middleware/TrimStrings.php(40): Illuminate\\Foundation\\Http\\Middleware\\TransformsRequest->handle()
#51 /home/beast/Desktop/CASH_ODDS-main/backend/vendor/laravel/framework/src/Illuminate/Pipeline/Pipeline.php(183): Illuminate\\Foundation\\Http\\Middleware\\TrimStrings->handle()
#52 /home/beast/Desktop/CASH_ODDS-main/backend/vendor/laravel/framework/src/Illuminate/Foundation/Http/Middleware/ValidatePostSize.php(27): Illuminate\\Pipeline\\Pipeline->{closure:{closure:Illuminate\\Pipeline\\Pipeline::carry():158}:159}()
#53 /home/beast/Desktop/CASH_ODDS-main/backend/vendor/laravel/framework/src/Illuminate/Pipeline/Pipeline.php(183): Illuminate\\Foundation\\Http\\Middleware\\ValidatePostSize->handle()
#54 /home/beast/Desktop/CASH_ODDS-main/backend/vendor/laravel/framework/src/Illuminate/Foundation/Http/Middleware/PreventRequestsDuringMaintenance.php(99): Illuminate\\Pipeline\\Pipeline->{closure:{closure:Illuminate\\Pipeline\\Pipeline::carry():158}:159}()
#55 /home/beast/Desktop/CASH_ODDS-main/backend/vendor/laravel/framework/src/Illuminate/Pipeline/Pipeline.php(183): Illuminate\\Foundation\\Http\\Middleware\\PreventRequestsDuringMaintenance->handle()
#56 /home/beast/Desktop/CASH_ODDS-main/backend/vendor/laravel/framework/src/Illuminate/Http/Middleware/HandleCors.php(62): Illuminate\\Pipeline\\Pipeline->{closure:{closure:Illuminate\\Pipeline\\Pipeline::carry():158}:159}()
#57 /home/beast/Desktop/CASH_ODDS-main/backend/vendor/laravel/framework/src/Illuminate/Pipeline/Pipeline.php(183): Illuminate\\Http\\Middleware\\HandleCors->handle()
#58 /home/beast/Desktop/CASH_ODDS-main/backend/vendor/laravel/framework/src/Illuminate/Http/Middleware/TrustProxies.php(39): Illuminate\\Pipeline\\Pipeline->{closure:{closure:Illuminate\\Pipeline\\Pipeline::carry():158}:159}()
#59 /home/beast/Desktop/CASH_ODDS-main/backend/vendor/laravel/framework/src/Illuminate/Pipeline/Pipeline.php(183): Illuminate\\Http\\Middleware\\TrustProxies->handle()
#60 /home/beast/Desktop/CASH_ODDS-main/backend/vendor/laravel/framework/src/Illuminate/Http/Middleware/TrustHosts.php(48): Illuminate\\Pipeline\\Pipeline->{closure:{closure:Illuminate\\Pipeline\\Pipeline::carry():158}:159}()
#61 /home/beast/Desktop/CASH_ODDS-main/backend/vendor/laravel/framework/src/Illuminate/Pipeline/Pipeline.php(183): Illuminate\\Http\\Middleware\\TrustHosts->handle()
#62 /home/beast/Desktop/CASH_ODDS-main/backend/vendor/laravel/framework/src/Illuminate/Pipeline/Pipeline.php(119): Illuminate\\Pipeline\\Pipeline->{closure:{closure:Illuminate\\Pipeline\\Pipeline::carry():158}:159}()
#63 /home/beast/Desktop/CASH_ODDS-main/backend/vendor/laravel/framework/src/Illuminate/Foundation/Http/Kernel.php(175): Illuminate\\Pipeline\\Pipeline->then()
#64 /home/beast/Desktop/CASH_ODDS-main/backend/vendor/laravel/framework/src/Illuminate/Foundation/Http/Kernel.php(144): Illuminate\\Foundation\\Http\\Kernel->sendRequestThroughRouter()
#65 /home/beast/Desktop/CASH_ODDS-main/backend/public/index.php(36): Illuminate\\Foundation\\Http\\Kernel->handle()
#66 /home/beast/Desktop/CASH_ODDS-main/backend/vendor/laravel/framework/src/Illuminate/Foundation/resources/server.php(16): require_once('...')
#67 {main}
"} 
